Latitude,Longitude,Altitude,corrected_temperature,humidity_%,SourceFile
37.676497399999995,-121.73926589999999,176.116,37.99,16.81,Unit0_dataLog00062.TXT
37.676499799999995,-121.73923649999999,176.16,37.98,16.69,Unit0_dataLog00062.TXT
37.6764983,-121.7391976,176.098,37.94,16.84,Unit0_dataLog00062.TXT
37.676497,-121.7391507,176.142,37.9,16.82,Unit0_dataLog00062.TXT
37.6764964,-121.7390973,176.122,37.77,16.78,Unit0_dataLog00062.TXT
37.6764964,-121.73903779999999,176.168,37.66,16.84,Unit0_dataLog00062.TXT
37.6764966,-121.7389731,176.18,37.59,16.89,Unit0_dataLog00062.TXT
37.6764967,-121.7389003,176.198,37.45,16.97,Unit0_dataLog00062.TXT
37.6764965,-121.73882019999999,176.245,37.3,17.02,Unit0_dataLog00062.TXT
37.676496199999995,-121.73873689999999,176.186,37.12,17.09,Unit0_dataLog00062.TXT
37.676495599999996,-121.73865319999999,176.281,37.11,17.31,Unit0_dataLog00062.TXT
37.676494999999996,-121.73856909999999,175.90200000000002,36.98,17.37,Unit0_dataLog00062.TXT
37.6764945,-121.73848679999999,175.849,36.7,17.43,Unit0_dataLog00062.TXT
37.6764952,-121.7384072,175.847,36.54,17.72,Unit0_dataLog00062.TXT
37.6764983,-121.7383318,175.868,36.47,17.77,Unit0_dataLog00062.TXT
37.676505999999996,-121.7382607,175.936,36.56,17.67,Unit0_dataLog00062.TXT
37.676521199999996,-121.7381942,175.829,36.55,18.01,Unit0_dataLog00062.TXT
37.6765452,-121.73813399999999,175.772,36.34,18.24,Unit0_dataLog00062.TXT
37.6765788,-121.7380816,175.727,36.34,18.49,Unit0_dataLog00062.TXT
37.676621499999996,-121.7380391,175.705,36.16,18.57,Unit0_dataLog00062.TXT
37.6766718,-121.73800949999999,175.594,36.02,18.55,Unit0_dataLog00062.TXT
37.6767277,-121.7379936,175.583,35.82,18.44,Unit0_dataLog00062.TXT
37.6767878,-121.73798579999999,175.477,35.79,18.72,Unit0_dataLog00062.TXT
37.6768512,-121.73797909999999,175.354,35.58,18.7,Unit0_dataLog00062.TXT
37.676917599999996,-121.73797189999999,175.318,35.58,18.99,Unit0_dataLog00062.TXT
37.676986299999996,-121.7379651,175.226,35.45,19.1,Unit0_dataLog00062.TXT
37.677055599999996,-121.73795799999999,175.14600000000002,35.38,19.29,Unit0_dataLog00062.TXT
37.6771246,-121.73795,175.09300000000002,35.23,19.55,Unit0_dataLog00062.TXT
37.677192,-121.73794269999999,174.975,35.23,19.71,Unit0_dataLog00062.TXT
37.677257499999996,-121.7379418,174.895,35.12,19.65,Unit0_dataLog00062.TXT
37.6773768,-121.73797839999999,174.877,35.16,19.62,Unit0_dataLog00062.TXT
37.6774291,-121.7380204,174.857,35.15,19.92,Unit0_dataLog00062.TXT
37.6774785,-121.7380755,174.844,35.16,19.67,Unit0_dataLog00062.TXT
37.6775272,-121.7381393,174.806,35.13,19.64,Unit0_dataLog00062.TXT
37.677575399999995,-121.7382087,174.72,35.02,19.67,Unit0_dataLog00062.TXT
37.6776225,-121.7382791,174.631,34.9,19.61,Unit0_dataLog00062.TXT
37.677666099999996,-121.7383503,174.499,34.91,19.67,Unit0_dataLog00062.TXT
37.677701899999995,-121.73842459999999,174.429,34.8,19.67,Unit0_dataLog00062.TXT
37.677726299999996,-121.7385032,174.34,34.74,19.52,Unit0_dataLog00062.TXT
37.6777371,-121.73858519999999,174.362,34.86,19.91,Unit0_dataLog00062.TXT
37.677735399999996,-121.7386683,174.423,34.75,19.95,Unit0_dataLog00062.TXT
37.6777235,-121.7387512,174.446,34.87,19.99,Unit0_dataLog00062.TXT
37.677705599999996,-121.738833,174.249,34.93,19.99,Unit0_dataLog00062.TXT
37.6776871,-121.73891649999999,174.214,34.97,19.96,Unit0_dataLog00062.TXT
37.6776702,-121.739002,174.32,34.85,19.81,Unit0_dataLog00062.TXT
37.6776566,-121.7390897,174.416,34.97,19.73,Unit0_dataLog00062.TXT
37.6776456,-121.7391782,174.505,34.98,19.93,Unit0_dataLog00062.TXT
37.677634499999996,-121.73926669999999,174.334,34.97,19.6,Unit0_dataLog00062.TXT
37.677623499999996,-121.73935399999999,174.257,34.99,19.81,Unit0_dataLog00062.TXT
37.677613099999995,-121.73943709999999,174.233,34.99,19.64,Unit0_dataLog00062.TXT
37.6776042,-121.73951029999999,174.175,35.0,19.57,Unit0_dataLog00062.TXT
37.677597,-121.7395725,174.20000000000002,34.92,19.67,Unit0_dataLog00062.TXT
37.6775914,-121.73962069999999,174.153,34.89,19.48,Unit0_dataLog00062.TXT
37.6775873,-121.7396551,174.00300000000001,34.95,19.62,Unit0_dataLog00062.TXT
37.6775662,-121.73975469999999,173.70600000000002,34.99,19.45,Unit0_dataLog00062.TXT
37.6775513,-121.73978029999999,173.707,34.86,19.68,Unit0_dataLog00062.TXT
37.6775291,-121.7398063,173.775,34.78,19.68,Unit0_dataLog00062.TXT
37.6774966,-121.73982729999999,173.684,34.88,19.63,Unit0_dataLog00062.TXT
37.6774024,-121.73984639999999,173.549,34.84,19.67,Unit0_dataLog00062.TXT
37.6773439,-121.73984809999999,173.531,34.74,19.74,Unit0_dataLog00062.TXT
37.6772784,-121.7398494,173.434,34.79,19.84,Unit0_dataLog00062.TXT
37.6772072,-121.73985169999999,173.298,34.73,19.58,Unit0_dataLog00062.TXT
37.6771305,-121.73985359999999,173.286,34.63,19.63,Unit0_dataLog00062.TXT
37.677049,-121.73985429999999,173.178,34.61,19.81,Unit0_dataLog00062.TXT
37.6769637,-121.7398525,173.245,34.59,19.85,Unit0_dataLog00062.TXT
37.6768758,-121.73984999999999,173.30700000000002,34.57,19.82,Unit0_dataLog00062.TXT
37.6767864,-121.73984779999999,173.14600000000002,34.54,19.85,Unit0_dataLog00062.TXT
37.6766966,-121.7398458,173.15200000000002,34.65,19.76,Unit0_dataLog00062.TXT
37.676609,-121.7398432,173.203,34.69,19.9,Unit0_dataLog00062.TXT
37.6765257,-121.7398413,173.214,34.68,19.9,Unit0_dataLog00062.TXT
37.6764461,-121.7398396,173.29,34.5,19.78,Unit0_dataLog00062.TXT
37.6763689,-121.7398376,173.30100000000002,34.49,19.98,Unit0_dataLog00062.TXT
37.6763689,-121.73983559999999,173.56,34.51,20.0,Unit0_dataLog00062.TXT
37.676210399999995,-121.73983559999999,173.496,34.36,20.15,Unit0_dataLog00062.TXT
37.676128,-121.7398345,173.596,34.3,20.13,Unit0_dataLog00062.TXT
37.6760429,-121.7398322,173.78900000000002,34.31,20.51,Unit0_dataLog00062.TXT
37.6759559,-121.7398293,173.92600000000002,34.28,20.45,Unit0_dataLog00062.TXT
37.675867,-121.73982699999999,174.013,34.16,20.78,Unit0_dataLog00062.TXT
37.6757772,-121.73982649999999,173.974,34.06,21.17,Unit0_dataLog00062.TXT
37.6756865,-121.7398276,173.849,34.04,21.57,Unit0_dataLog00062.TXT
37.6755944,-121.7398269,173.964,34.09,21.53,Unit0_dataLog00062.TXT
37.6755023,-121.73982649999999,173.96,34.0,21.68,Unit0_dataLog00062.TXT
37.6754117,-121.7398271,173.88400000000001,34.04,21.84,Unit0_dataLog00062.TXT
37.6753255,-121.7398278,173.86,34.07,22.06,Unit0_dataLog00062.TXT
37.6752469,-121.7398286,174.248,34.09,22.32,Unit0_dataLog00062.TXT
37.6751754,-121.73983009999999,174.363,34.11,22.42,Unit0_dataLog00062.TXT
37.6751108,-121.73983469999999,174.487,34.1,22.49,Unit0_dataLog00062.TXT
37.6750524,-121.73984879999999,174.363,34.17,22.22,Unit0_dataLog00062.TXT
37.6750008,-121.73987779999999,173.895,34.31,22.08,Unit0_dataLog00062.TXT
37.674958,-121.7399209,173.51,34.36,21.75,Unit0_dataLog00062.TXT
37.674924,-121.73997899999999,173.308,34.46,21.41,Unit0_dataLog00062.TXT
37.6749009,-121.7400507,173.074,34.39,20.96,Unit0_dataLog00062.TXT
37.6748887,-121.74013529999999,172.844,34.44,20.93,Unit0_dataLog00062.TXT
37.6748839,-121.74023129999999,172.64600000000002,34.5,20.78,Unit0_dataLog00062.TXT
37.674884399999996,-121.7403379,172.454,34.42,20.86,Unit0_dataLog00062.TXT
37.674886,-121.7404526,172.141,34.54,20.77,Unit0_dataLog00062.TXT
37.6748879,-121.7405726,171.875,34.59,20.82,Unit0_dataLog00062.TXT
37.6748899,-121.740696,171.73,34.62,20.66,Unit0_dataLog00062.TXT
37.674892799999995,-121.74081989999999,171.582,34.63,20.67,Unit0_dataLog00062.TXT
37.6748955,-121.74094149999999,171.552,34.73,20.69,Unit0_dataLog00062.TXT
37.6748975,-121.7410578,171.38400000000001,34.82,20.67,Unit0_dataLog00062.TXT
37.674899499999995,-121.7411667,171.171,34.71,20.49,Unit0_dataLog00062.TXT
37.674901399999996,-121.74126439999999,171.02100000000002,34.83,20.55,Unit0_dataLog00062.TXT
37.6749024,-121.74134989999999,170.987,34.76,20.56,Unit0_dataLog00062.TXT
37.6748999,-121.74142459999999,171.099,34.82,20.69,Unit0_dataLog00062.TXT
37.6748893,-121.74148819999999,171.173,34.77,20.53,Unit0_dataLog00062.TXT
37.6748657,-121.74153969999999,171.06,34.86,20.54,Unit0_dataLog00062.TXT
37.674828999999995,-121.7415767,171.123,34.76,20.62,Unit0_dataLog00062.TXT
37.6747805,-121.74159689999999,171.268,34.79,20.54,Unit0_dataLog00062.TXT
37.674721999999996,-121.7416023,171.199,34.74,20.79,Unit0_dataLog00062.TXT
37.6746574,-121.7416028,171.213,34.63,21.14,Unit0_dataLog00062.TXT
37.6745932,-121.74160959999999,171.115,34.6,21.23,Unit0_dataLog00062.TXT
37.6745349,-121.74163349999999,170.889,34.6,20.95,Unit0_dataLog00062.TXT
37.6744859,-121.7416767,170.87800000000001,34.51,20.96,Unit0_dataLog00062.TXT
37.6744499,-121.74173569999999,170.88400000000001,34.55,20.71,Unit0_dataLog00062.TXT
37.674430799999996,-121.7418074,170.889,34.64,20.74,Unit0_dataLog00062.TXT
37.6744236,-121.7418907,170.823,34.53,20.5,Unit0_dataLog00062.TXT
37.6744225,-121.74198559999999,170.636,34.65,20.44,Unit0_dataLog00062.TXT
37.674422299999996,-121.7420903,170.683,34.64,20.6,Unit0_dataLog00062.TXT
37.674419799999995,-121.74220059999999,170.522,34.7,20.43,Unit0_dataLog00062.TXT
37.6744129,-121.7423122,170.516,34.53,20.41,Unit0_dataLog00062.TXT
37.674400399999996,-121.7424229,170.477,34.61,20.61,Unit0_dataLog00062.TXT
37.6743808,-121.7425329,170.157,34.57,20.32,Unit0_dataLog00062.TXT
37.6743551,-121.7426428,169.848,34.7,20.44,Unit0_dataLog00062.TXT
37.6743275,-121.7427543,169.815,34.73,20.52,Unit0_dataLog00062.TXT
37.6743034,-121.74286959999999,169.748,34.67,20.31,Unit0_dataLog00062.TXT
37.6742863,-121.7429885,169.784,34.79,20.43,Unit0_dataLog00062.TXT
37.6742754,-121.7431103,169.645,34.76,20.31,Unit0_dataLog00062.TXT
37.674268999999995,-121.7432341,169.443,34.8,20.27,Unit0_dataLog00062.TXT
37.6742652,-121.7433598,169.362,34.83,20.14,Unit0_dataLog00062.TXT
37.6742645,-121.7434868,169.256,34.75,20.08,Unit0_dataLog00062.TXT
37.674265399999996,-121.7436151,169.309,34.81,20.04,Unit0_dataLog00062.TXT
37.6742669,-121.7437441,169.368,34.89,20.03,Unit0_dataLog00062.TXT
37.6742679,-121.7438737,169.349,34.84,19.97,Unit0_dataLog00062.TXT
37.6742681,-121.7440034,169.052,34.88,19.88,Unit0_dataLog00062.TXT
37.6742677,-121.7440034,168.968,35.04,20.16,Unit0_dataLog00062.TXT
37.674264,-121.74425919999999,168.809,35.01,20.08,Unit0_dataLog00062.TXT
37.6742628,-121.74438839999999,168.873,34.98,20.14,Unit0_dataLog00062.TXT
37.6742619,-121.7445178,168.925,35.05,19.94,Unit0_dataLog00062.TXT
37.674262,-121.7446473,168.883,34.94,20.03,Unit0_dataLog00062.TXT
37.6742627,-121.74477639999999,168.883,34.88,19.84,Unit0_dataLog00062.TXT
37.6742656,-121.74503569999999,168.562,34.76,19.99,Unit0_dataLog00062.TXT
37.6742669,-121.7451655,168.49,34.82,19.88,Unit0_dataLog00062.TXT
37.674267199999996,-121.7452952,168.326,34.82,19.99,Unit0_dataLog00062.TXT
37.6742669,-121.74542459999999,168.08700000000002,34.84,19.98,Unit0_dataLog00062.TXT
37.674267799999996,-121.74555369999999,167.997,34.82,20.17,Unit0_dataLog00062.TXT
37.674269599999995,-121.7456825,167.87,34.81,19.89,Unit0_dataLog00062.TXT
37.674270899999996,-121.74581119999999,167.697,34.73,20.22,Unit0_dataLog00062.TXT
37.6742717,-121.7459399,167.52,34.79,20.2,Unit0_dataLog00062.TXT
37.674273,-121.74606879999999,167.83100000000002,34.54,19.77,Unit0_dataLog00062.TXT
37.6742731,-121.7461967,167.672,34.66,20.33,Unit0_dataLog00062.TXT
37.6742728,-121.7463238,167.51,34.75,20.2,Unit0_dataLog00062.TXT
37.674272699999996,-121.7464511,167.397,34.74,20.24,Unit0_dataLog00062.TXT
37.6742731,-121.74657959999999,167.328,34.73,20.24,Unit0_dataLog00062.TXT
37.6742736,-121.74670959999999,167.196,34.64,20.2,Unit0_dataLog00062.TXT
37.674273899999996,-121.7468411,167.108,34.65,20.27,Unit0_dataLog00062.TXT
37.6742743,-121.746973,167.00900000000001,34.62,20.34,Unit0_dataLog00062.TXT
37.674275099999996,-121.74710499999999,166.872,34.6,20.33,Unit0_dataLog00062.TXT
37.6742756,-121.74723669999999,166.817,34.63,20.27,Unit0_dataLog00062.TXT
37.674276,-121.74736779999999,166.74,34.63,20.54,Unit0_dataLog00062.TXT
37.6742764,-121.7474969,166.617,34.64,20.27,Unit0_dataLog00062.TXT
37.6742772,-121.7476233,166.467,34.75,20.5,Unit0_dataLog00062.TXT
37.674277599999996,-121.7477457,166.427,34.7,20.55,Unit0_dataLog00062.TXT
37.6742777,-121.7478632,166.356,34.67,20.37,Unit0_dataLog00062.TXT
37.674278,-121.74797299999999,166.241,34.77,20.49,Unit0_dataLog00062.TXT
37.6742783,-121.748075,166.173,34.66,20.27,Unit0_dataLog00062.TXT
37.674279399999996,-121.7481681,166.203,34.6,20.45,Unit0_dataLog00062.TXT
37.674281799999996,-121.74824849999999,166.284,34.85,20.7,Unit0_dataLog00062.TXT
37.6742888,-121.7483137,166.232,34.72,20.55,Unit0_dataLog00062.TXT
37.6743014,-121.74836599999999,166.222,34.66,20.65,Unit0_dataLog00062.TXT
37.6743233,-121.74841099999999,166.054,34.53,20.56,Unit0_dataLog00062.TXT
37.6743582,-121.74844999999999,165.943,34.5,20.47,Unit0_dataLog00062.TXT
37.6744134,-121.7484727,165.91,34.56,20.61,Unit0_dataLog00062.TXT
37.6744749,-121.7484891,165.78900000000002,34.52,20.53,Unit0_dataLog00062.TXT
37.6745503,-121.74849259999999,165.83700000000002,34.4,20.41,Unit0_dataLog00062.TXT
37.6746361,-121.7484925,165.588,34.35,20.47,Unit0_dataLog00062.TXT
37.6747322,-121.74849169999999,165.32,34.36,20.5,Unit0_dataLog00062.TXT
37.6748329,-121.74849119999999,165.372,34.32,20.43,Unit0_dataLog00062.TXT
37.6749352,-121.7484918,165.44,34.25,20.49,Unit0_dataLog00062.TXT
37.6750374,-121.74849309999999,165.449,34.22,20.6,Unit0_dataLog00062.TXT
37.67514,-121.7484932,165.50300000000001,34.19,20.69,Unit0_dataLog00062.TXT
37.6752414,-121.74849309999999,165.43200000000002,34.19,20.6,Unit0_dataLog00062.TXT
37.6753414,-121.7484927,165.377,34.15,20.63,Unit0_dataLog00062.TXT
37.6754404,-121.7484925,165.298,34.24,20.54,Unit0_dataLog00062.TXT
37.6755414,-121.74849209999999,165.168,34.22,20.65,Unit0_dataLog00062.TXT
37.6756458,-121.74849119999999,165.037,34.31,20.64,Unit0_dataLog00062.TXT
37.6757533,-121.74848929999999,164.939,34.39,20.52,Unit0_dataLog00062.TXT
37.6758637,-121.74848829999999,164.806,34.52,20.47,Unit0_dataLog00062.TXT
37.6759754,-121.74848659999999,164.922,34.46,20.52,Unit0_dataLog00062.TXT
37.676088199999995,-121.74848469999999,164.85,34.56,20.45,Unit0_dataLog00062.TXT
37.6762012,-121.7484831,164.817,34.47,20.27,Unit0_dataLog00062.TXT
37.676313199999996,-121.7484817,164.69,34.53,20.41,Unit0_dataLog00062.TXT
37.676425099999996,-121.74848069999999,164.648,34.56,20.23,Unit0_dataLog00062.TXT
37.676536899999995,-121.74848019999999,164.55700000000002,34.55,20.47,Unit0_dataLog00062.TXT
37.6766487,-121.74848019999999,164.486,34.55,20.62,Unit0_dataLog00062.TXT
37.676761,-121.74848039999999,164.215,34.59,20.44,Unit0_dataLog00062.TXT
37.676873,-121.7484794,164.062,34.65,20.56,Unit0_dataLog00062.TXT
37.676984399999995,-121.74847799999999,163.991,34.62,20.22,Unit0_dataLog00062.TXT
37.677095,-121.7484779,163.833,34.58,20.16,Unit0_dataLog00062.TXT
37.6772044,-121.7484791,163.589,34.58,20.04,Unit0_dataLog00062.TXT
37.6773124,-121.7484805,163.369,34.46,20.01,Unit0_dataLog00062.TXT
37.6774183,-121.74848069999999,163.326,34.5,20.11,Unit0_dataLog00062.TXT
37.677523099999995,-121.74847989999999,163.257,34.47,20.15,Unit0_dataLog00062.TXT
37.6777298,-121.74847799999999,163.185,34.42,20.25,Unit0_dataLog00062.TXT
37.677831399999995,-121.7484774,163.102,34.52,20.42,Unit0_dataLog00062.TXT
37.677931799999996,-121.7484769,162.978,34.5,20.41,Unit0_dataLog00062.TXT
37.678030799999995,-121.7484764,162.961,34.46,20.4,Unit0_dataLog00062.TXT
37.678129,-121.7484763,162.93200000000002,34.49,20.44,Unit0_dataLog00062.TXT
37.678226699999996,-121.74847829999999,162.899,34.4,20.32,Unit0_dataLog00062.TXT
37.6783247,-121.7484842,162.931,34.45,20.42,Unit0_dataLog00062.TXT
37.6784232,-121.74849189999999,162.898,34.54,20.44,Unit0_dataLog00062.TXT
37.6785235,-121.74849619999999,162.897,34.58,20.63,Unit0_dataLog00062.TXT
37.6786257,-121.7484973,162.907,34.61,20.43,Unit0_dataLog00062.TXT
37.6787279,-121.7484971,162.911,34.78,20.37,Unit0_dataLog00062.TXT
37.6788293,-121.74849649999999,162.90200000000002,34.8,20.33,Unit0_dataLog00062.TXT
37.6789292,-121.74849599999999,162.804,34.8,20.23,Unit0_dataLog00062.TXT
37.6790266,-121.74849599999999,162.739,34.81,20.13,Unit0_dataLog00062.TXT
37.6791194,-121.74849619999999,162.698,34.97,20.24,Unit0_dataLog00062.TXT
37.6791194,-121.7484963,162.61,34.82,19.83,Unit0_dataLog00062.TXT
37.679287699999996,-121.74849619999999,162.54500000000002,34.75,19.86,Unit0_dataLog00062.TXT
37.6793621,-121.7484959,162.496,34.74,19.93,Unit0_dataLog00062.TXT
37.679429,-121.7484954,162.43,34.68,19.93,Unit0_dataLog00062.TXT
37.6794887,-121.7484952,162.403,34.75,19.93,Unit0_dataLog00062.TXT
37.6795411,-121.74849499999999,162.39600000000002,34.61,19.85,Unit0_dataLog00062.TXT
37.679586199999996,-121.74849409999999,162.423,34.59,19.93,Unit0_dataLog00062.TXT
37.6796246,-121.7484939,162.403,34.57,20.09,Unit0_dataLog00062.TXT
37.679656699999995,-121.74849359999999,162.383,34.62,19.97,Unit0_dataLog00062.TXT
37.6797219,-121.74849289999999,162.376,34.7,20.23,Unit0_dataLog00062.TXT
37.679744299999996,-121.7484925,162.341,34.66,20.16,Unit0_dataLog00062.TXT
37.6797786,-121.7484922,162.351,34.7,20.3,Unit0_dataLog00062.TXT
37.6798183,-121.74849499999999,162.395,34.71,20.27,Unit0_dataLog00062.TXT
37.679859799999996,-121.74850869999999,162.541,34.67,20.19,Unit0_dataLog00062.TXT
37.6799009,-121.7485384,162.883,34.74,20.2,Unit0_dataLog00062.TXT
37.6799393,-121.74858619999999,162.924,34.83,20.06,Unit0_dataLog00062.TXT
37.6799715,-121.7486512,162.933,34.93,20.07,Unit0_dataLog00062.TXT
37.6799919,-121.7487304,162.869,34.94,19.93,Unit0_dataLog00062.TXT
37.6799981,-121.74882439999999,162.822,34.96,19.9,Unit0_dataLog00062.TXT
37.6799969,-121.7489337,162.766,35.09,20.05,Unit0_dataLog00062.TXT
37.6799946,-121.74905709999999,162.51500000000001,35.02,19.9,Unit0_dataLog00062.TXT
37.6799939,-121.74918919999999,162.565,35.06,19.92,Unit0_dataLog00062.TXT
37.679994,-121.7493269,162.617,35.03,19.95,Unit0_dataLog00062.TXT
37.6799939,-121.74946849999999,162.656,35.12,19.82,Unit0_dataLog00062.TXT
37.6799932,-121.7496121,162.768,35.06,19.6,Unit0_dataLog00062.TXT
37.679991799999996,-121.7497569,162.835,35.18,19.56,Unit0_dataLog00062.TXT
37.6799908,-121.74990249999999,162.917,35.28,19.68,Unit0_dataLog00062.TXT
37.6799909,-121.7500493,162.87800000000001,35.29,19.61,Unit0_dataLog00062.TXT
37.6799913,-121.7501968,162.614,35.22,19.49,Unit0_dataLog00062.TXT
37.6799914,-121.75034439999999,162.489,35.25,19.54,Unit0_dataLog00062.TXT
37.679991799999996,-121.7504919,162.279,35.29,19.63,Unit0_dataLog00062.TXT
37.6799926,-121.7506392,162.20000000000002,35.24,19.43,Unit0_dataLog00062.TXT
37.679993599999996,-121.7507863,162.15,35.26,19.36,Unit0_dataLog00062.TXT
37.6799937,-121.75093269999999,162.00900000000001,35.32,19.3,Unit0_dataLog00062.TXT
37.6799941,-121.7510775,161.978,35.3,19.26,Unit0_dataLog00062.TXT
37.679995,-121.7512204,161.973,35.31,19.35,Unit0_dataLog00062.TXT
37.6799952,-121.7513618,161.964,35.29,19.51,Unit0_dataLog00062.TXT
37.6799946,-121.7515021,161.90200000000002,35.33,19.54,Unit0_dataLog00062.TXT
37.6799938,-121.75164199999999,161.775,35.28,19.58,Unit0_dataLog00062.TXT
37.6799926,-121.7517819,161.65800000000002,35.21,19.49,Unit0_dataLog00062.TXT
37.679991199999996,-121.7519224,161.659,35.16,19.51,Unit0_dataLog00062.TXT
37.6799896,-121.7520639,161.675,35.0,19.45,Unit0_dataLog00062.TXT
37.679988699999996,-121.75220569999999,161.595,34.98,19.4,Unit0_dataLog00062.TXT
37.679988699999996,-121.7523476,161.52100000000002,34.94,19.44,Unit0_dataLog00062.TXT
37.679989,-121.75249079999999,161.481,35.04,19.4,Unit0_dataLog00062.TXT
37.6799895,-121.75263539999999,161.433,34.99,19.51,Unit0_dataLog00062.TXT
37.6799897,-121.75278139999999,161.291,35.14,19.48,Unit0_dataLog00062.TXT
37.6799903,-121.7529283,161.025,35.17,19.66,Unit0_dataLog00062.TXT
37.6799907,-121.7530767,161.00300000000001,35.05,19.58,Unit0_dataLog00062.TXT
37.6799908,-121.75322539999999,160.916,35.04,19.32,Unit0_dataLog00062.TXT
37.6799908,-121.75337379999999,160.803,34.98,19.4,Unit0_dataLog00062.TXT
37.6799907,-121.7535216,160.843,34.89,19.5,Unit0_dataLog00062.TXT
37.6799906,-121.7536686,160.822,34.92,19.48,Unit0_dataLog00062.TXT
37.6799903,-121.75381519999999,160.571,34.79,19.41,Unit0_dataLog00062.TXT
37.67999,-121.7539616,160.385,34.8,19.41,Unit0_dataLog00062.TXT
37.6799901,-121.7541093,160.284,34.73,19.51,Unit0_dataLog00062.TXT
37.6799914,-121.7542553,160.231,34.75,19.46,Unit0_dataLog00062.TXT
37.6799938,-121.75439539999999,160.142,34.61,19.48,Unit0_dataLog00062.TXT
37.6799962,-121.7545305,159.972,34.55,19.68,Unit0_dataLog00062.TXT
37.679998999999995,-121.75466309999999,159.782,34.54,19.63,Unit0_dataLog00062.TXT
37.680002,-121.7547944,159.55,34.37,19.62,Unit0_dataLog00062.TXT
37.6800055,-121.75492519999999,159.404,34.34,19.79,Unit0_dataLog00062.TXT
37.680008099999995,-121.7550548,159.249,34.32,19.91,Unit0_dataLog00062.TXT
37.6800098,-121.75518269999999,159.071,34.39,19.87,Unit0_dataLog00062.TXT
37.6800104,-121.7553087,158.979,34.44,19.84,Unit0_dataLog00062.TXT
37.680010599999996,-121.7554315,158.907,34.65,19.91,Unit0_dataLog00062.TXT
37.680011,-121.7555453,158.763,34.85,19.9,Unit0_dataLog00062.TXT
37.6800116,-121.7556492,158.608,34.91,19.92,Unit0_dataLog00062.TXT
37.6800122,-121.755748,158.461,34.85,19.56,Unit0_dataLog00062.TXT
37.6800126,-121.7558468,158.46200000000002,34.9,19.49,Unit0_dataLog00062.TXT
37.6800128,-121.75594749999999,158.41,34.79,19.51,Unit0_dataLog00062.TXT
37.6800134,-121.7560506,158.361,34.78,19.6,Unit0_dataLog00062.TXT
37.6800141,-121.7561563,158.282,34.62,19.62,Unit0_dataLog00062.TXT
37.6800144,-121.7562648,158.282,34.74,19.39,Unit0_dataLog00062.TXT
37.6800146,-121.75637599999999,158.318,34.75,19.54,Unit0_dataLog00062.TXT
37.6800147,-121.7564905,158.292,34.78,19.56,Unit0_dataLog00062.TXT
37.680015399999995,-121.756609,158.21,34.95,19.65,Unit0_dataLog00062.TXT
37.680016099999996,-121.7567316,158.196,34.88,19.41,Unit0_dataLog00062.TXT
37.6800169,-121.75685829999999,158.138,34.84,19.56,Unit0_dataLog00062.TXT
37.6800174,-121.7569886,158.066,34.8,19.52,Unit0_dataLog00062.TXT
37.6800174,-121.7572606,157.88400000000001,34.86,19.46,Unit0_dataLog00062.TXT
37.680017299999996,-121.7574032,157.808,34.94,19.62,Unit0_dataLog00062.TXT
37.680015999999995,-121.75754959999999,157.643,34.91,19.54,Unit0_dataLog00062.TXT
37.6800141,-121.7576989,157.631,34.98,19.7,Unit0_dataLog00062.TXT
37.6800126,-121.7578516,157.601,35.13,19.53,Unit0_dataLog00062.TXT
37.680012399999995,-121.7580078,157.529,35.21,19.55,Unit0_dataLog00062.TXT
37.6800125,-121.75816719999999,157.608,35.17,19.39,Unit0_dataLog00062.TXT
37.6800128,-121.75832899999999,157.649,35.21,19.39,Unit0_dataLog00062.TXT
37.680013699999996,-121.7584914,157.599,35.04,19.19,Unit0_dataLog00062.TXT
37.680014799999995,-121.7586527,157.528,35.04,19.16,Unit0_dataLog00062.TXT
37.6800156,-121.75881319999999,157.448,35.06,19.14,Unit0_dataLog00062.TXT
37.6800168,-121.75897309999999,157.285,35.16,19.25,Unit0_dataLog00062.TXT
37.6800189,-121.75913299999999,157.223,35.21,19.48,Unit0_dataLog00062.TXT
37.6800208,-121.7592923,157.073,35.31,19.3,Unit0_dataLog00062.TXT
37.680022,-121.75944969999999,156.915,35.32,19.26,Unit0_dataLog00062.TXT
37.680023,-121.7596014,156.75300000000001,35.23,19.17,Unit0_dataLog00062.TXT
37.680023999999996,-121.759739,156.67000000000002,35.2,19.12,Unit0_dataLog00062.TXT
37.680025199999996,-121.75985929999999,156.481,35.27,19.23,Unit0_dataLog00062.TXT
37.680026399999996,-121.7599618,156.435,35.2,19.13,Unit0_dataLog00062.TXT
37.6800265,-121.76005119999999,156.332,35.21,19.15,Unit0_dataLog00062.TXT
37.6800242,-121.7601354,156.358,35.31,19.13,Unit0_dataLog00062.TXT
37.6800192,-121.7602184,156.463,35.26,19.12,Unit0_dataLog00062.TXT
37.6800133,-121.76029519999999,156.323,35.28,19.13,Unit0_dataLog00062.TXT
37.6800091,-121.7603614,156.273,35.33,19.1,Unit0_dataLog00062.TXT
37.6800065,-121.76042229999999,156.26,35.42,19.04,Unit0_dataLog00062.TXT
37.680005099999995,-121.7604879,156.26500000000001,35.44,19.25,Unit0_dataLog00062.TXT
37.6800047,-121.7605581,156.215,35.6,19.19,Unit0_dataLog00062.TXT
37.680005099999995,-121.7606203,156.172,35.56,19.12,Unit0_dataLog00062.TXT
37.6800052,-121.7606629,156.24,35.52,19.09,Unit0_dataLog00062.TXT
37.6800036,-121.7607348,156.834,35.74,18.88,Unit0_dataLog00062.TXT
37.6799938,-121.7607728,156.80700000000002,35.76,18.86,Unit0_dataLog00062.TXT
37.679972899999996,-121.7608046,156.766,35.68,18.72,Unit0_dataLog00062.TXT
37.6799423,-121.760829,156.718,35.56,18.88,Unit0_dataLog00062.TXT
37.6799082,-121.760852,156.762,35.36,18.92,Unit0_dataLog00062.TXT
37.6798712,-121.7608734,156.77,35.34,19.04,Unit0_dataLog00062.TXT
37.6798326,-121.76090079999999,156.821,35.31,19.08,Unit0_dataLog00062.TXT
37.679788099999996,-121.76094069999999,156.829,35.15,19.01,Unit0_dataLog00062.TXT
37.679736399999996,-121.7609964,156.826,35.08,19.02,Unit0_dataLog00062.TXT
37.6796788,-121.76106659999999,156.82,34.94,19.12,Unit0_dataLog00062.TXT
37.6796165,-121.7611458,156.786,34.98,18.98,Unit0_dataLog00062.TXT
37.679548,-121.7612284,156.78,34.87,19.24,Unit0_dataLog00062.TXT
37.6794742,-121.76131129999999,156.719,34.74,19.35,Unit0_dataLog00062.TXT
37.6793974,-121.7613911,156.745,34.74,19.48,Unit0_dataLog00062.TXT
37.6793194,-121.7614715,156.78,34.7,19.59,Unit0_dataLog00062.TXT
37.6792406,-121.76155299999999,156.754,34.61,19.63,Unit0_dataLog00062.TXT
37.6791611,-121.76163509999999,156.708,34.68,19.8,Unit0_dataLog00062.TXT
37.679080899999995,-121.7617181,156.65800000000002,34.63,19.51,Unit0_dataLog00062.TXT
37.6790003,-121.7618006,156.617,34.62,19.73,Unit0_dataLog00062.TXT
37.6789206,-121.76188309999999,156.50300000000001,34.52,19.83,Unit0_dataLog00062.TXT
37.678841399999996,-121.7619637,156.424,34.57,19.88,Unit0_dataLog00062.TXT
37.678763599999996,-121.762041,156.41,34.56,19.76,Unit0_dataLog00062.TXT
37.678687,-121.76211509999999,156.246,34.52,19.78,Unit0_dataLog00062.TXT
37.6786126,-121.7621855,156.21,34.46,19.94,Unit0_dataLog00062.TXT
37.6785421,-121.7622481,156.181,34.4,20.15,Unit0_dataLog00062.TXT
37.6784791,-121.76229939999999,156.138,34.4,20.17,Unit0_dataLog00062.TXT
37.6784281,-121.76233909999999,156.06,34.36,20.24,Unit0_dataLog00062.TXT
37.6783883,-121.76236709999999,156.035,34.4,20.23,Unit0_dataLog00062.TXT
37.6783589,-121.76238459999999,155.974,34.34,20.25,Unit0_dataLog00062.TXT
37.6783028,-121.76240929999999,156.025,34.3,20.38,Unit0_dataLog00062.TXT
37.6782848,-121.76240929999999,156.224,34.35,20.15,Unit0_dataLog00062.TXT
37.6782494,-121.76239059999999,156.39000000000001,34.37,20.24,Unit0_dataLog00062.TXT
37.678204,-121.7623493,156.42000000000002,34.31,20.45,Unit0_dataLog00062.TXT
37.6781566,-121.7622876,156.532,34.35,20.34,Unit0_dataLog00062.TXT
37.6781102,-121.76220959999999,156.541,34.4,20.46,Unit0_dataLog00062.TXT
37.6780615,-121.7620278,156.605,34.45,20.41,Unit0_dataLog00062.TXT
37.677945799999996,-121.7619278,156.69,34.46,20.21,Unit0_dataLog00062.TXT
37.6778818,-121.7619278,157.013,34.49,20.33,Unit0_dataLog00062.TXT
37.677749999999996,-121.76172249999999,157.12,34.45,20.42,Unit0_dataLog00062.TXT
37.677683099999996,-121.76162029999999,157.16,34.48,20.29,Unit0_dataLog00062.TXT
37.677620399999995,-121.7615251,157.198,34.48,20.33,Unit0_dataLog00062.TXT
37.677563899999996,-121.76144049999999,157.316,34.52,20.26,Unit0_dataLog00062.TXT
37.6775103,-121.7613593,157.454,34.43,20.09,Unit0_dataLog00062.TXT
37.677456899999996,-121.7612777,157.662,34.49,20.27,Unit0_dataLog00062.TXT
37.677400999999996,-121.76119039999999,157.744,34.34,20.03,Unit0_dataLog00062.TXT
37.677340099999995,-121.7610953,157.88,34.39,20.1,Unit0_dataLog00062.TXT
37.6772742,-121.76099219999999,158.046,34.36,20.26,Unit0_dataLog00062.TXT
37.6772055,-121.76088399999999,158.16400000000002,34.3,20.35,Unit0_dataLog00062.TXT
37.6771345,-121.76077219999999,158.34,34.22,20.37,Unit0_dataLog00062.TXT
37.677060999999995,-121.76065799999999,158.525,34.27,20.23,Unit0_dataLog00062.TXT
37.676986,-121.76054169999999,158.744,34.24,20.44,Unit0_dataLog00062.TXT
37.6769099,-121.760424,159.161,34.2,20.31,Unit0_dataLog00062.TXT
37.6768329,-121.76030659999999,159.379,34.23,20.1,Unit0_dataLog00062.TXT
37.6767557,-121.76019099999999,159.493,34.18,20.12,Unit0_dataLog00062.TXT
37.6766789,-121.7600765,159.642,34.08,20.32,Unit0_dataLog00062.TXT
37.6766023,-121.7599618,159.657,34.31,20.43,Unit0_dataLog00062.TXT
37.6765258,-121.75984679999999,159.71,34.31,20.35,Unit0_dataLog00062.TXT
37.6764486,-121.75973019999999,159.853,34.18,20.15,Unit0_dataLog00062.TXT
37.6763702,-121.75961059999999,159.853,34.28,20.19,Unit0_dataLog00062.TXT
37.6762087,-121.75936329999999,160.21,34.28,20.19,Unit0_dataLog00062.TXT
37.6761273,-121.75923669999999,160.382,34.18,20.14,Unit0_dataLog00062.TXT
37.6760443,-121.7591102,160.623,34.16,20.27,Unit0_dataLog00062.TXT
37.6759604,-121.758983,160.68800000000002,34.26,20.39,Unit0_dataLog00062.TXT
37.6758759,-121.7588536,160.788,34.32,20.48,Unit0_dataLog00062.TXT
37.675703399999996,-121.75859009999999,160.933,34.35,20.48,Unit0_dataLog00062.TXT
37.6756154,-121.75845559999999,161.007,34.26,20.35,Unit0_dataLog00062.TXT
37.6755268,-121.7583193,161.185,34.19,20.33,Unit0_dataLog00062.TXT
37.6754387,-121.7581821,161.391,34.2,20.54,Unit0_dataLog00062.TXT
37.675351,-121.7580449,161.531,34.13,20.31,Unit0_dataLog00062.TXT
37.675263199999996,-121.757908,161.655,34.22,20.28,Unit0_dataLog00062.TXT
37.675176799999996,-121.7577731,161.833,34.23,20.53,Unit0_dataLog00062.TXT
37.675093,-121.7576417,162.032,34.11,20.24,Unit0_dataLog00062.TXT
37.6750113,-121.75751419999999,162.076,33.91,20.14,Unit0_dataLog00062.TXT
37.6749307,-121.7573891,162.244,33.98,20.52,Unit0_dataLog00062.TXT
37.6748504,-121.7572642,162.263,33.95,20.62,Unit0_dataLog00062.TXT
37.6747692,-121.75713739999999,162.585,33.95,20.49,Unit0_dataLog00062.TXT
37.674687999999996,-121.757008,162.77,33.86,20.35,Unit0_dataLog00062.TXT
37.6746066,-121.75687649999999,163.005,33.94,20.59,Unit0_dataLog00062.TXT
37.674524399999996,-121.75674269999999,163.14600000000002,33.99,20.58,Unit0_dataLog00062.TXT
37.6744406,-121.75660819999999,163.305,33.87,20.73,Unit0_dataLog00062.TXT
37.6743555,-121.7564754,163.125,33.81,20.74,Unit0_dataLog00062.TXT
37.6742699,-121.75634269999999,163.4,33.72,21.03,Unit0_dataLog00062.TXT
37.6742699,-121.75607959999999,164.14600000000002,33.54,21.27,Unit0_dataLog00062.TXT
37.6740999,-121.75594889999999,164.267,33.57,21.11,Unit0_dataLog00062.TXT
37.6740153,-121.75581679999999,164.388,33.64,21.05,Unit0_dataLog00062.TXT
37.6739302,-121.7556824,164.746,33.64,20.97,Unit0_dataLog00062.TXT
37.673845299999996,-121.7556824,165.284,33.91,20.89,Unit0_dataLog00062.TXT
37.6736733,-121.75540819999999,165.453,34.03,21.22,Unit0_dataLog00062.TXT
37.6735866,-121.75526909999999,165.58700000000002,34.15,21.05,Unit0_dataLog00062.TXT
37.6734995,-121.755129,165.843,34.15,20.87,Unit0_dataLog00062.TXT
37.6734114,-121.75498789999999,165.989,34.12,20.66,Unit0_dataLog00062.TXT
37.673322,-121.75484709999999,166.172,34.18,20.71,Unit0_dataLog00062.TXT
37.6732312,-121.75470709999999,166.381,34.18,20.6,Unit0_dataLog00062.TXT
37.6731402,-121.7545674,166.536,34.02,20.43,Unit0_dataLog00062.TXT
37.6730501,-121.7544279,166.667,34.1,20.55,Unit0_dataLog00062.TXT
37.672960499999995,-121.75428869999999,166.882,34.1,20.56,Unit0_dataLog00062.TXT
37.6728709,-121.7541499,167.153,34.08,20.51,Unit0_dataLog00062.TXT
37.672781,-121.75401169999999,167.343,34.07,20.39,Unit0_dataLog00062.TXT
37.672691199999996,-121.7538733,167.23,34.13,20.47,Unit0_dataLog00062.TXT
37.6726016,-121.7537349,167.37800000000001,34.34,20.62,Unit0_dataLog00062.TXT
37.672511,-121.7535982,167.547,34.25,20.43,Unit0_dataLog00062.TXT
37.6724202,-121.7534621,167.67600000000002,34.17,20.35,Unit0_dataLog00062.TXT
37.6723287,-121.7533258,167.689,34.23,20.39,Unit0_dataLog00062.TXT
37.6722381,-121.7531885,168.073,34.14,20.32,Unit0_dataLog00062.TXT
37.672148899999996,-121.7530494,168.234,34.1,20.43,Unit0_dataLog00062.TXT
37.6720597,-121.75291,168.449,34.16,20.48,Unit0_dataLog00062.TXT
37.671969,-121.7527693,168.697,34.03,20.41,Unit0_dataLog00062.TXT
37.6718766,-121.7526268,168.952,33.87,20.4,Unit0_dataLog00062.TXT
37.6717826,-121.75248189999999,169.192,33.95,20.7,Unit0_dataLog00062.TXT
37.6716875,-121.7523346,169.342,33.72,20.47,Unit0_dataLog00062.TXT
37.6715917,-121.7521855,169.492,33.73,20.79,Unit0_dataLog00062.TXT
37.6714949,-121.7520361,169.371,33.8,20.69,Unit0_dataLog00062.TXT
37.6713966,-121.7518863,169.107,33.83,20.8,Unit0_dataLog00062.TXT
37.6712978,-121.75173559999999,169.184,33.73,20.87,Unit0_dataLog00062.TXT
37.671199699999995,-121.7515839,169.368,33.71,20.8,Unit0_dataLog00062.TXT
37.671102999999995,-121.7514324,169.56300000000002,34.0,20.82,Unit0_dataLog00062.TXT
37.6710073,-121.7512826,169.681,33.99,20.76,Unit0_dataLog00062.TXT
37.670912099999995,-121.75113429999999,169.793,33.99,20.73,Unit0_dataLog00062.TXT
37.670817899999996,-121.7509865,169.96,34.09,20.65,Unit0_dataLog00062.TXT
37.6707246,-121.75084009999999,169.816,34.0,20.58,Unit0_dataLog00062.TXT
37.6706328,-121.7506971,169.786,34.03,20.61,Unit0_dataLog00062.TXT
37.670544,-121.7505599,169.915,33.96,20.66,Unit0_dataLog00062.TXT
37.6704596,-121.75043,170.006,34.0,20.47,Unit0_dataLog00062.TXT
37.670381,-121.7503084,170.17000000000002,34.08,20.63,Unit0_dataLog00062.TXT
37.6703092,-121.7501975,170.28,34.21,20.65,Unit0_dataLog00062.TXT
37.6702453,-121.7500987,170.287,34.08,20.63,Unit0_dataLog00062.TXT
37.6701888,-121.7500113,170.411,34.06,20.46,Unit0_dataLog00062.TXT
37.6701401,-121.74993549999999,170.743,34.19,20.42,Unit0_dataLog00062.TXT
37.6700835,-121.749866,171.054,34.2,20.63,Unit0_dataLog00062.TXT
37.6700364,-121.7497971,171.287,33.99,20.4,Unit0_dataLog00062.TXT
37.669992199999996,-121.7497295,171.555,34.05,20.51,Unit0_dataLog00062.TXT
37.669945999999996,-121.7496585,171.833,33.9,20.47,Unit0_dataLog00062.TXT
37.6698968,-121.7495817,171.833,33.93,20.5,Unit0_dataLog00062.TXT
37.6697872,-121.74941249999999,172.097,33.99,20.62,Unit0_dataLog00062.TXT
37.669726,-121.74931699999999,172.143,33.98,20.69,Unit0_dataLog00062.TXT
37.6696604,-121.7492152,172.31300000000002,33.88,20.47,Unit0_dataLog00062.TXT
37.6695906,-121.749107,172.338,33.79,20.43,Unit0_dataLog00062.TXT
37.6695166,-121.7489925,172.312,33.93,20.81,Unit0_dataLog00062.TXT
37.6694379,-121.74887059999999,172.352,33.93,20.71,Unit0_dataLog00062.TXT
37.6693553,-121.7487424,172.499,34.02,20.79,Unit0_dataLog00062.TXT
37.669269299999996,-121.7486084,172.574,33.89,20.74,Unit0_dataLog00062.TXT
37.6691812,-121.7484705,172.573,33.81,20.69,Unit0_dataLog00062.TXT
37.6690921,-121.74833,172.728,33.8,20.85,Unit0_dataLog00062.TXT
37.668915,-121.7480471,173.15,33.98,21.01,Unit0_dataLog00062.TXT
37.6688279,-121.74790499999999,173.412,33.89,20.78,Unit0_dataLog00062.TXT
37.6687418,-121.74776139999999,173.661,33.77,20.91,Unit0_dataLog00062.TXT
37.668656299999995,-121.7476172,173.793,33.85,20.69,Unit0_dataLog00062.TXT
37.6685681,-121.74747389999999,173.836,33.84,20.73,Unit0_dataLog00062.TXT
37.6684777,-121.7473316,173.904,33.92,20.76,Unit0_dataLog00062.TXT
37.6683865,-121.74718949999999,174.014,34.02,20.91,Unit0_dataLog00062.TXT
37.668294599999996,-121.7470463,174.467,33.9,20.67,Unit0_dataLog00062.TXT
37.6682029,-121.7469022,174.737,33.97,20.83,Unit0_dataLog00062.TXT
37.6681101,-121.74675739999999,174.717,34.01,20.6,Unit0_dataLog00062.TXT
37.6680159,-121.74661019999999,174.86,34.01,20.62,Unit0_dataLog00062.TXT
37.667921199999995,-121.7464608,175.056,33.97,20.65,Unit0_dataLog00062.TXT
37.6678247,-121.7463097,175.184,34.07,20.61,Unit0_dataLog00062.TXT
37.6677271,-121.7461575,175.068,33.96,20.49,Unit0_dataLog00062.TXT
37.667627599999996,-121.74600299999999,175.203,34.14,20.54,Unit0_dataLog00062.TXT
37.667527299999996,-121.7458465,175.33,34.21,20.65,Unit0_dataLog00062.TXT
37.6674264,-121.74568889999999,175.52700000000002,34.17,20.75,Unit0_dataLog00062.TXT
37.6674264,-121.7453724,176.036,34.04,20.96,Unit0_dataLog00062.TXT
37.667223299999996,-121.74521399999999,176.302,33.94,20.82,Unit0_dataLog00062.TXT
37.6671208,-121.7450552,176.41400000000002,33.92,20.96,Unit0_dataLog00062.TXT
37.667018999999996,-121.7448972,176.71200000000002,33.88,20.98,Unit0_dataLog00062.TXT
37.6669178,-121.74474119999999,176.877,33.89,21.19,Unit0_dataLog00062.TXT
37.6668175,-121.74458729999999,177.066,33.91,20.94,Unit0_dataLog00062.TXT
37.666717899999995,-121.74443489999999,177.199,33.88,20.97,Unit0_dataLog00062.TXT
37.6666191,-121.7442842,177.364,33.9,21.08,Unit0_dataLog00062.TXT
37.6665213,-121.74413519999999,177.467,34.08,21.03,Unit0_dataLog00062.TXT
37.6664236,-121.74398699999999,177.607,34.04,21.25,Unit0_dataLog00062.TXT
37.6663261,-121.74383879999999,177.736,34.02,21.13,Unit0_dataLog00062.TXT
37.6662287,-121.74368969999999,177.857,33.91,21.26,Unit0_dataLog00062.TXT
37.666133599999995,-121.74354,178.13,33.85,21.04,Unit0_dataLog00062.TXT
37.6660379,-121.7433903,178.405,33.83,21.05,Unit0_dataLog00062.TXT
37.6659419,-121.7432417,178.655,33.86,21.0,Unit0_dataLog00062.TXT
37.665845999999995,-121.74309509999999,179.014,33.88,21.23,Unit0_dataLog00062.TXT
37.6657496,-121.74294979999999,179.026,33.91,21.6,Unit0_dataLog00062.TXT
37.6656522,-121.74280519999999,179.162,34.04,21.57,Unit0_dataLog00062.TXT
37.665556699999996,-121.74266259999999,179.383,34.17,21.59,Unit0_dataLog00062.TXT
37.6654653,-121.7425207,179.33700000000002,34.2,21.31,Unit0_dataLog00062.TXT
37.6653825,-121.7423724,178.967,34.11,21.12,Unit0_dataLog00062.TXT
37.665311599999995,-121.7422156,178.823,34.2,21.13,Unit0_dataLog00062.TXT
37.6652541,-121.7420496,178.733,34.17,21.05,Unit0_dataLog00062.TXT
37.6652106,-121.7420496,178.796,34.43,20.78,Unit0_dataLog00062.TXT
37.6651713,-121.74169309999999,178.796,34.73,20.67,Unit0_dataLog00062.TXT
37.6651678,-121.7413108,178.619,34.79,20.66,Unit0_dataLog00062.TXT
37.6651685,-121.7411135,178.794,34.77,20.56,Unit0_dataLog00062.TXT
37.6651679,-121.7409155,178.877,34.86,20.67,Unit0_dataLog00062.TXT
37.665166899999996,-121.74071769999999,178.972,34.84,20.68,Unit0_dataLog00062.TXT
37.6651652,-121.74052069999999,179.092,34.84,20.58,Unit0_dataLog00062.TXT
37.665163199999995,-121.740325,179.27,34.79,20.55,Unit0_dataLog00062.TXT
37.6651616,-121.74013149999999,179.395,34.86,20.63,Unit0_dataLog00062.TXT
37.665161,-121.73993999999999,179.541,34.81,20.65,Unit0_dataLog00062.TXT
37.6651601,-121.7397503,179.536,34.7,20.74,Unit0_dataLog00062.TXT
37.6651593,-121.7395619,179.612,34.67,20.68,Unit0_dataLog00062.TXT
37.6651583,-121.73937459999999,179.537,34.67,20.78,Unit0_dataLog00062.TXT
37.665157799999996,-121.73918789999999,179.657,34.65,20.83,Unit0_dataLog00062.TXT
37.6651569,-121.73900069999999,179.786,34.7,20.92,Unit0_dataLog00062.TXT
37.6651561,-121.738813,179.972,34.43,20.89,Unit0_dataLog00062.TXT
37.6651544,-121.7386252,180.05,34.52,20.96,Unit0_dataLog00062.TXT
37.6651527,-121.7384386,180.162,34.47,21.15,Unit0_dataLog00062.TXT
37.665151099999996,-121.73825339999999,180.237,34.45,21.03,Unit0_dataLog00062.TXT
37.6651503,-121.7380694,180.309,34.44,21.14,Unit0_dataLog00062.TXT
37.6651489,-121.73788649999999,180.39000000000001,34.4,21.17,Unit0_dataLog00062.TXT
37.665146799999995,-121.7377047,180.476,34.42,21.26,Unit0_dataLog00062.TXT
37.6651451,-121.7375247,180.584,34.37,21.13,Unit0_dataLog00062.TXT
37.6651435,-121.73734549999999,180.77,34.27,21.13,Unit0_dataLog00062.TXT
37.6651417,-121.737167,180.911,34.34,21.41,Unit0_dataLog00062.TXT
37.6651403,-121.7369872,181.052,34.34,21.14,Unit0_dataLog00062.TXT
37.665138999999996,-121.7368051,181.20600000000002,34.33,21.45,Unit0_dataLog00062.TXT
37.6651372,-121.73662209999999,181.401,34.39,21.21,Unit0_dataLog00062.TXT
37.665135299999996,-121.736441,181.55700000000002,34.4,21.24,Unit0_dataLog00062.TXT
37.665132899999996,-121.736261,181.70600000000002,34.34,21.5,Unit0_dataLog00062.TXT
37.6651307,-121.736081,181.816,34.25,21.12,Unit0_dataLog00062.TXT
37.6651288,-121.73590069999999,181.886,34.26,21.23,Unit0_dataLog00062.TXT
37.6651266,-121.735721,181.991,34.34,21.39,Unit0_dataLog00062.TXT
37.6651248,-121.73554299999999,182.151,34.4,21.45,Unit0_dataLog00062.TXT
37.6651228,-121.73536709999999,182.296,34.29,21.3,Unit0_dataLog00062.TXT
37.6651205,-121.735193,182.433,34.5,21.65,Unit0_dataLog00062.TXT
37.665118,-121.7350204,182.633,34.45,21.46,Unit0_dataLog00062.TXT
37.665115199999995,-121.7348521,182.732,34.45,21.52,Unit0_dataLog00062.TXT
37.6651131,-121.7346919,182.928,34.42,21.46,Unit0_dataLog00062.TXT
37.6651121,-121.734545,182.99,34.44,21.41,Unit0_dataLog00062.TXT
37.6651112,-121.734411,182.97,34.35,21.54,Unit0_dataLog00062.TXT
37.6651108,-121.7342821,183.091,34.35,21.31,Unit0_dataLog00062.TXT
37.6651106,-121.7341522,183.12,34.45,21.21,Unit0_dataLog00062.TXT
37.665110399999996,-121.73402929999999,183.121,34.44,21.39,Unit0_dataLog00062.TXT
37.6651099,-121.73392179999999,183.109,34.39,21.21,Unit0_dataLog00062.TXT
37.6651096,-121.73383109999999,183.09900000000002,34.54,21.47,Unit0_dataLog00062.TXT
37.6651094,-121.7337534,183.072,34.48,21.34,Unit0_dataLog00062.TXT
37.665109199999996,-121.7336809,183.09300000000002,34.42,21.38,Unit0_dataLog00062.TXT
37.665109199999996,-121.73361879999999,183.157,34.55,21.22,Unit0_dataLog00062.TXT
37.6651094,-121.73356109999999,183.20000000000002,34.51,21.13,Unit0_dataLog00062.TXT
37.665109799999996,-121.73349879999999,183.237,34.6,21.41,Unit0_dataLog00062.TXT
37.665109199999996,-121.7334253,183.216,34.56,21.21,Unit0_dataLog00062.TXT
37.665108599999996,-121.73333919999999,183.299,34.65,21.37,Unit0_dataLog00062.TXT
37.665107299999995,-121.7332397,183.351,34.63,21.53,Unit0_dataLog00062.TXT
37.6651057,-121.73312999999999,183.38,34.54,21.2,Unit0_dataLog00062.TXT
37.6651041,-121.73301219999999,183.583,34.65,21.41,Unit0_dataLog00062.TXT
37.6651026,-121.73288579999999,183.667,34.86,21.28,Unit0_dataLog00062.TXT
37.6651016,-121.73275509999999,183.779,34.88,21.26,Unit0_dataLog00062.TXT
37.665101199999995,-121.7326205,183.836,34.93,21.13,Unit0_dataLog00062.TXT
37.6651004,-121.7324798,184.012,35.01,21.22,Unit0_dataLog00062.TXT
37.665099399999995,-121.7321812,184.44,35.14,21.08,Unit0_dataLog00062.TXT
37.665099,-121.732024,184.513,34.98,21.07,Unit0_dataLog00062.TXT
37.6650987,-121.7318627,184.632,35.16,21.23,Unit0_dataLog00062.TXT
37.6650985,-121.73169829999999,184.756,34.98,21.06,Unit0_dataLog00062.TXT
37.6650979,-121.73153149999999,185.053,34.95,20.94,Unit0_dataLog00062.TXT
37.6650987,-121.7313643,185.192,34.96,21.11,Unit0_dataLog00062.TXT
37.6650991,-121.73119559999999,185.394,34.81,21.3,Unit0_dataLog00062.TXT
37.6650991,-121.73102499999999,185.439,34.77,21.05,Unit0_dataLog00062.TXT
37.6650979,-121.7308499,185.272,34.73,20.99,Unit0_dataLog00062.TXT
37.6650974,-121.73067089999999,185.314,34.57,21.05,Unit0_dataLog00062.TXT
37.665098,-121.73048899999999,185.416,34.61,21.2,Unit0_dataLog00062.TXT
37.6650987,-121.7303038,185.602,34.77,21.28,Unit0_dataLog00062.TXT
37.6650986,-121.73011369999999,185.854,34.61,21.07,Unit0_dataLog00062.TXT
37.665097599999996,-121.72991859999999,186.119,34.72,20.89,Unit0_dataLog00062.TXT
37.6650962,-121.7297207,186.458,34.81,21.01,Unit0_dataLog00062.TXT
37.6650962,-121.72931899999999,187.01,34.78,20.91,Unit0_dataLog00062.TXT
37.6650937,-121.7291156,187.278,34.84,20.87,Unit0_dataLog00062.TXT
37.665093299999995,-121.72891159999999,187.604,34.86,20.7,Unit0_dataLog00062.TXT
37.6650929,-121.7287071,187.846,34.82,20.72,Unit0_dataLog00062.TXT
37.6650924,-121.7285017,188.00900000000001,34.85,20.77,Unit0_dataLog00062.TXT
37.6650918,-121.7282948,188.153,34.84,20.79,Unit0_dataLog00062.TXT
37.6650916,-121.7280857,188.248,34.82,20.79,Unit0_dataLog00062.TXT
37.6650916,-121.7278748,188.323,34.86,20.84,Unit0_dataLog00062.TXT
37.6650913,-121.72766349999999,188.209,34.77,21.04,Unit0_dataLog00062.TXT
37.6650919,-121.727453,188.172,34.79,21.36,Unit0_dataLog00062.TXT
37.6650922,-121.7272419,187.954,34.69,21.46,Unit0_dataLog00062.TXT
37.6650912,-121.7270298,187.666,34.59,21.54,Unit0_dataLog00062.TXT
37.6650896,-121.7268177,187.697,34.52,21.45,Unit0_dataLog00062.TXT
37.6650895,-121.72660529999999,187.683,34.6,21.52,Unit0_dataLog00062.TXT
37.6650883,-121.7263935,187.74,34.47,21.43,Unit0_dataLog00062.TXT
37.6650874,-121.7261825,187.794,34.6,21.56,Unit0_dataLog00062.TXT
37.665086099999996,-121.72597209999999,187.868,34.62,21.24,Unit0_dataLog00062.TXT
37.6650845,-121.72576269999999,187.903,34.55,21.56,Unit0_dataLog00062.TXT
37.6650829,-121.7255536,187.901,34.55,21.42,Unit0_dataLog00062.TXT
37.665081199999996,-121.7253446,187.99,34.7,21.31,Unit0_dataLog00062.TXT
37.6650802,-121.7251349,188.02100000000002,34.65,21.26,Unit0_dataLog00062.TXT
37.665079,-121.72492439999999,188.12,34.62,21.27,Unit0_dataLog00062.TXT
37.6650772,-121.72471379999999,188.17600000000002,34.7,21.27,Unit0_dataLog00062.TXT
37.665076,-121.7245028,188.31300000000002,34.67,21.53,Unit0_dataLog00062.TXT
37.6650747,-121.72429129999999,188.484,34.61,21.22,Unit0_dataLog00062.TXT
37.6650734,-121.7240794,188.636,34.62,21.5,Unit0_dataLog00062.TXT
37.6650723,-121.72386739999999,188.763,34.81,21.33,Unit0_dataLog00062.TXT
37.665072099999996,-121.7236554,188.971,34.7,21.3,Unit0_dataLog00062.TXT
37.665072099999996,-121.72344319999999,189.242,34.8,21.1,Unit0_dataLog00062.TXT
37.665071499999996,-121.72323189999999,189.415,34.83,21.22,Unit0_dataLog00062.TXT
37.6650719,-121.7230211,189.439,34.72,21.16,Unit0_dataLog00062.TXT
37.6650722,-121.7228105,189.592,34.77,21.03,Unit0_dataLog00062.TXT
37.6650712,-121.7225993,189.678,34.73,20.99,Unit0_dataLog00062.TXT
37.6650703,-121.7223865,189.94400000000002,34.77,20.99,Unit0_dataLog00062.TXT
37.6650705,-121.7221726,189.781,34.63,21.13,Unit0_dataLog00062.TXT
37.6650692,-121.7219588,189.872,34.7,21.37,Unit0_dataLog00062.TXT
37.6650675,-121.72174509999999,189.88,34.54,21.21,Unit0_dataLog00062.TXT
37.665067,-121.7215308,190.131,34.45,21.61,Unit0_dataLog00062.TXT
37.6650661,-121.7213165,190.38,34.35,21.68,Unit0_dataLog00062.TXT
37.6650646,-121.7211037,190.591,34.36,22.08,Unit0_dataLog00062.TXT
37.665063599999996,-121.7208915,190.88,34.31,22.21,Unit0_dataLog00062.TXT
37.6650618,-121.7206813,191.657,34.32,22.39,Unit0_dataLog00062.TXT
37.665058099999996,-121.7204747,192.897,34.3,22.34,Unit0_dataLog00062.TXT
37.665054399999995,-121.7202739,193.967,34.33,22.38,Unit0_dataLog00062.TXT
37.6650513,-121.72007869999999,195.09900000000002,34.34,22.25,Unit0_dataLog00062.TXT
37.665048399999996,-121.71988739999999,196.173,34.31,22.31,Unit0_dataLog00062.TXT
37.6650464,-121.7196991,197.233,34.36,22.37,Unit0_dataLog00062.TXT
37.6650452,-121.7195127,198.113,34.26,22.19,Unit0_dataLog00062.TXT
37.6650446,-121.7193279,199.085,34.23,22.06,Unit0_dataLog00062.TXT
37.6650442,-121.7191445,200.019,34.21,22.21,Unit0_dataLog00062.TXT
37.6650439,-121.7189619,200.95600000000002,34.12,22.04,Unit0_dataLog00062.TXT
37.665044099999996,-121.7187799,201.934,34.21,21.96,Unit0_dataLog00062.TXT
37.665045,-121.71859669999999,202.947,34.17,21.96,Unit0_dataLog00062.TXT
37.6650467,-121.71841119999999,203.883,34.19,21.93,Unit0_dataLog00062.TXT
37.665048899999995,-121.71822329999999,204.959,34.24,22.05,Unit0_dataLog00062.TXT
37.6650515,-121.71803159999999,206.13,34.18,22.22,Unit0_dataLog00062.TXT
37.6650539,-121.71783549999999,207.12,34.07,22.32,Unit0_dataLog00062.TXT
37.6650553,-121.7176358,208.228,33.95,22.62,Unit0_dataLog00062.TXT
37.6650558,-121.71743269999999,209.25900000000001,34.08,22.76,Unit0_dataLog00062.TXT
37.6650561,-121.71722779999999,210.066,33.99,22.72,Unit0_dataLog00062.TXT
37.6650558,-121.717023,210.969,34.0,22.88,Unit0_dataLog00062.TXT
37.6650555,-121.717023,212.068,34.13,22.74,Unit0_dataLog00062.TXT
37.6650558,-121.7166144,212.508,34.09,22.75,Unit0_dataLog00062.TXT
37.6650552,-121.7164097,212.921,34.22,22.59,Unit0_dataLog00062.TXT
37.6650548,-121.7162058,213.387,34.24,22.67,Unit0_dataLog00062.TXT
37.6650546,-121.71600249999999,213.82500000000002,34.35,22.49,Unit0_dataLog00062.TXT
37.6650547,-121.7157994,214.245,34.31,22.31,Unit0_dataLog00062.TXT
37.6650543,-121.7155947,214.64000000000001,34.35,22.22,Unit0_dataLog00062.TXT
37.6650537,-121.71538749999999,214.935,34.35,22.22,Unit0_dataLog00062.TXT
37.6650522,-121.71517709999999,215.179,34.33,22.1,Unit0_dataLog00062.TXT
37.6650503,-121.71496339999999,215.496,34.29,21.97,Unit0_dataLog00062.TXT
37.665048899999995,-121.71474789999999,215.592,34.44,21.84,Unit0_dataLog00062.TXT
37.6650481,-121.71453149999999,215.683,34.3,21.84,Unit0_dataLog00062.TXT
37.665047,-121.71431439999999,215.685,34.3,21.87,Unit0_dataLog00062.TXT
37.665046,-121.7140987,215.526,34.3,21.87,Unit0_dataLog00062.TXT
37.665045299999996,-121.7138856,215.32,34.25,21.69,Unit0_dataLog00062.TXT
37.665044099999996,-121.71367409999999,215.32,34.15,21.9,Unit0_dataLog00062.TXT
37.665043499999996,-121.7132505,214.862,34.07,21.79,Unit0_dataLog00062.TXT
37.6650433,-121.71303669999999,214.451,34.04,22.06,Unit0_dataLog00062.TXT
37.6650436,-121.7128225,213.983,33.99,21.84,Unit0_dataLog00062.TXT
37.6650436,-121.7126081,213.415,34.03,21.82,Unit0_dataLog00062.TXT
37.665042899999996,-121.7123927,212.773,34.18,21.97,Unit0_dataLog00062.TXT
37.6650424,-121.71217639999999,212.231,34.14,21.74,Unit0_dataLog00062.TXT
37.6650418,-121.7119591,211.755,34.08,21.84,Unit0_dataLog00062.TXT
37.665039799999995,-121.7117413,211.405,34.0,21.69,Unit0_dataLog00062.TXT
37.665037999999996,-121.7115228,211.1,34.1,21.73,Unit0_dataLog00062.TXT
37.6650353,-121.71108509999999,210.79500000000002,34.05,21.56,Unit0_dataLog00062.TXT
37.665034,-121.7108708,210.67000000000002,34.23,21.79,Unit0_dataLog00062.TXT
37.665033,-121.71065999999999,210.622,34.38,21.81,Unit0_dataLog00062.TXT
37.665031899999995,-121.7104509,210.48600000000002,34.43,21.83,Unit0_dataLog00062.TXT
37.665031,-121.7102427,210.451,34.57,21.66,Unit0_dataLog00062.TXT
37.6650311,-121.71003479999999,210.364,34.59,21.62,Unit0_dataLog00062.TXT
37.6650309,-121.70982559999999,210.309,34.51,21.33,Unit0_dataLog00062.TXT
37.6650312,-121.70961399999999,210.186,34.68,21.27,Unit0_dataLog00062.TXT
37.6650305,-121.7094013,210.103,34.62,21.2,Unit0_dataLog00062.TXT
37.6650287,-121.7091878,210.019,34.55,21.26,Unit0_dataLog00062.TXT
37.665026999999995,-121.7089724,209.90200000000002,34.49,21.21,Unit0_dataLog00062.TXT
37.6650249,-121.70875459999999,209.71800000000002,34.52,21.41,Unit0_dataLog00062.TXT
37.6650221,-121.7085348,209.594,34.48,21.44,Unit0_dataLog00062.TXT
37.6650208,-121.7083138,209.586,34.41,21.34,Unit0_dataLog00062.TXT
37.665020299999995,-121.70809249999999,209.553,34.39,21.38,Unit0_dataLog00062.TXT
37.665020399999996,-121.70787089999999,209.592,34.38,21.62,Unit0_dataLog00062.TXT
37.6650209,-121.7076493,209.564,34.36,21.42,Unit0_dataLog00062.TXT
37.6650205,-121.7074293,209.619,34.44,21.65,Unit0_dataLog00062.TXT
37.665019799999996,-121.70721019999999,209.64600000000002,34.37,21.6,Unit0_dataLog00062.TXT
37.665019,-121.7069915,209.69,34.46,21.74,Unit0_dataLog00062.TXT
37.665018499999995,-121.70677339999999,209.726,34.38,21.83,Unit0_dataLog00062.TXT
37.6650181,-121.7065559,209.727,34.4,21.9,Unit0_dataLog00062.TXT
37.665017299999995,-121.7063391,209.81,34.41,21.9,Unit0_dataLog00062.TXT
37.6650166,-121.7061227,209.87,34.35,22.16,Unit0_dataLog00062.TXT
37.6650158,-121.70590689999999,209.969,34.33,22.27,Unit0_dataLog00062.TXT
37.665014,-121.70569119999999,210.14000000000001,34.32,22.75,Unit0_dataLog00062.TXT
37.665012,-121.7054751,210.25900000000001,34.07,23.02,Unit0_dataLog00062.TXT
37.6650098,-121.7052588,210.401,33.96,23.32,Unit0_dataLog00062.TXT
37.6650089,-121.70504299999999,210.6,33.8,23.42,Unit0_dataLog00062.TXT
37.6650092,-121.7048279,210.824,33.76,24.03,Unit0_dataLog00062.TXT
37.6650089,-121.70461309999999,211.062,33.7,23.88,Unit0_dataLog00062.TXT
37.6650089,-121.70439809999999,211.305,33.79,24.04,Unit0_dataLog00062.TXT
37.665009,-121.7041836,211.583,33.64,23.69,Unit0_dataLog00062.TXT
37.6650086,-121.7039696,211.726,33.58,23.75,Unit0_dataLog00062.TXT
37.665008199999995,-121.7037562,211.979,33.62,23.77,Unit0_dataLog00062.TXT
37.6650077,-121.70354259999999,212.252,33.68,23.86,Unit0_dataLog00062.TXT
37.665005799999996,-121.7033278,212.367,33.57,23.78,Unit0_dataLog00062.TXT
37.6650038,-121.7031128,212.638,33.71,23.77,Unit0_dataLog00062.TXT
37.665002,-121.70289749999999,212.785,33.57,23.97,Unit0_dataLog00062.TXT
37.6650013,-121.702683,213.046,33.59,23.55,Unit0_dataLog00062.TXT
37.665001,-121.70246879999999,213.239,33.59,23.61,Unit0_dataLog00062.TXT
37.6650007,-121.702255,213.37,33.63,23.44,Unit0_dataLog00062.TXT
37.665,-121.70204269999999,213.629,33.71,23.55,Unit0_dataLog00062.TXT
37.664998499999996,-121.7018308,213.886,33.67,23.4,Unit0_dataLog00062.TXT
37.664997,-121.7016185,214.082,33.71,23.39,Unit0_dataLog00062.TXT
37.664995399999995,-121.7014054,214.293,33.66,23.25,Unit0_dataLog00062.TXT
37.6649939,-121.7011929,214.52,33.66,23.25,Unit0_dataLog00062.TXT
37.6649939,-121.70077309999999,214.936,33.76,23.28,Unit0_dataLog00062.TXT
37.6649913,-121.70056629999999,215.14600000000002,33.77,23.02,Unit0_dataLog00062.TXT
37.664990599999996,-121.70036139999999,215.34900000000002,33.76,22.94,Unit0_dataLog00062.TXT
37.664989899999995,-121.70015769999999,215.58100000000002,33.74,22.95,Unit0_dataLog00062.TXT
37.6649891,-121.69995379999999,215.762,33.87,23.0,Unit0_dataLog00062.TXT
37.6649879,-121.69974909999999,216.007,33.85,23.21,Unit0_dataLog00062.TXT
37.6649865,-121.69954419999999,216.192,33.84,23.19,Unit0_dataLog00062.TXT
37.6649855,-121.699342,216.407,33.82,23.11,Unit0_dataLog00062.TXT
37.6649854,-121.6991429,216.6,33.84,22.96,Unit0_dataLog00062.TXT
37.6649856,-121.69894719999999,216.791,33.84,23.2,Unit0_dataLog00062.TXT
37.6649859,-121.6987542,216.90800000000002,33.77,23.12,Unit0_dataLog00062.TXT
37.6649864,-121.6985632,217.041,33.91,23.2,Unit0_dataLog00062.TXT
37.6649864,-121.698375,217.223,33.82,23.2,Unit0_dataLog00062.TXT
37.664985699999995,-121.69819009999999,217.417,33.79,23.47,Unit0_dataLog00062.TXT
37.6649847,-121.69800889999999,217.604,33.82,23.41,Unit0_dataLog00062.TXT
37.6649842,-121.69783059999999,217.811,33.88,23.52,Unit0_dataLog00062.TXT
37.664985,-121.69765419999999,218.037,33.61,23.69,Unit0_dataLog00062.TXT
37.664987599999996,-121.6974858,217.964,33.72,23.7,Unit0_dataLog00062.TXT
37.6649931,-121.6973369,217.931,33.69,23.74,Unit0_dataLog00062.TXT
37.6650014,-121.69720969999999,217.882,33.68,23.88,Unit0_dataLog00062.TXT
37.665011299999996,-121.69710479999999,217.947,33.78,23.92,Unit0_dataLog00062.TXT
37.6650223,-121.69702269999999,217.778,33.72,24.1,Unit0_dataLog00062.TXT
37.665032599999996,-121.6969628,217.657,33.85,23.75,Unit0_dataLog00062.TXT
37.665041599999995,-121.6969256,217.65,33.85,23.97,Unit0_dataLog00062.TXT
37.665055699999996,-121.69686569999999,217.987,34.22,23.33,Unit0_dataLog00062.TXT
37.665061,-121.69680969999999,218.049,34.16,23.09,Unit0_dataLog00062.TXT
37.665072699999996,-121.69672899999999,218.14000000000001,34.13,23.19,Unit0_dataLog00062.TXT
37.66509,-121.6966271,218.189,34.08,22.87,Unit0_dataLog00062.TXT
37.6651121,-121.69650659999999,218.272,34.08,23.02,Unit0_dataLog00062.TXT
37.6651374,-121.6963689,218.266,34.07,23.11,Unit0_dataLog00062.TXT
37.6651662,-121.6962185,218.562,33.97,23.23,Unit0_dataLog00062.TXT
37.6651966,-121.6960541,218.841,33.85,23.27,Unit0_dataLog00062.TXT
37.665222,-121.6958804,219.019,33.86,23.89,Unit0_dataLog00062.TXT
37.6652397,-121.69569949999999,218.869,33.82,24.39,Unit0_dataLog00062.TXT
37.6652517,-121.6955153,219.108,33.67,24.31,Unit0_dataLog00062.TXT
37.665260499999995,-121.6953293,219.261,33.68,24.33,Unit0_dataLog00062.TXT
37.6652664,-121.6951426,219.403,33.7,23.91,Unit0_dataLog00062.TXT
37.6652688,-121.6949568,219.60500000000002,33.73,24.03,Unit0_dataLog00062.TXT
37.6652699,-121.69477239999999,219.687,33.79,23.81,Unit0_dataLog00062.TXT
37.6652701,-121.6945897,219.683,33.69,24.0,Unit0_dataLog00062.TXT
37.6652695,-121.69440979999999,219.81300000000002,33.73,23.45,Unit0_dataLog00062.TXT
37.6652694,-121.69423379999999,219.965,33.7,23.77,Unit0_dataLog00062.TXT
37.6652692,-121.69406359999999,220.055,33.73,23.32,Unit0_dataLog00062.TXT
37.665268999999995,-121.69390039999999,220.09300000000002,33.67,23.49,Unit0_dataLog00062.TXT
37.665269099999996,-121.69374959999999,220.133,33.67,23.15,Unit0_dataLog00062.TXT
37.665269099999996,-121.69361599999999,220.28900000000002,33.72,23.15,Unit0_dataLog00062.TXT
37.6652692,-121.6934982,220.487,33.71,23.2,Unit0_dataLog00062.TXT
37.665268999999995,-121.6933952,220.585,33.68,23.02,Unit0_dataLog00062.TXT
37.665268499999996,-121.6933012,220.613,33.87,23.17,Unit0_dataLog00062.TXT
37.665267899999996,-121.6932042,220.659,33.86,22.74,Unit0_dataLog00062.TXT
37.6652668,-121.69309319999999,220.76500000000001,34.02,22.7,Unit0_dataLog00062.TXT
37.6652657,-121.69296159999999,220.885,34.04,22.62,Unit0_dataLog00062.TXT
37.6652645,-121.69280889999999,221.08700000000002,34.23,22.44,Unit0_dataLog00062.TXT
37.6652631,-121.69263839999999,221.263,34.21,22.32,Unit0_dataLog00062.TXT
37.665262,-121.69245529999999,221.43200000000002,34.08,22.24,Unit0_dataLog00062.TXT
37.6652609,-121.6922666,221.669,34.0,21.92,Unit0_dataLog00062.TXT
37.6652602,-121.69207709999999,221.851,33.98,22.0,Unit0_dataLog00062.TXT
37.6652604,-121.69188849999999,222.102,33.88,22.05,Unit0_dataLog00062.TXT
37.665259899999995,-121.69170059999999,222.326,33.94,22.18,Unit0_dataLog00062.TXT
37.6652589,-121.69151459999999,222.485,33.94,22.07,Unit0_dataLog00062.TXT
37.665258,-121.69132979999999,222.641,34.02,22.12,Unit0_dataLog00062.TXT
37.6652577,-121.69114569999999,222.74200000000002,33.93,21.97,Unit0_dataLog00062.TXT
37.6652572,-121.6909635,222.817,33.97,21.99,Unit0_dataLog00062.TXT
37.6652564,-121.6907815,223.026,33.99,22.17,Unit0_dataLog00062.TXT
37.6652559,-121.6906001,223.15200000000002,34.1,22.15,Unit0_dataLog00062.TXT
37.6652562,-121.69041999999999,223.287,34.15,21.97,Unit0_dataLog00062.TXT
37.6652567,-121.69024119999999,223.534,34.21,21.73,Unit0_dataLog00062.TXT
37.665257,-121.69024119999999,223.761,34.1,22.03,Unit0_dataLog00062.TXT
37.6652558,-121.6898939,223.909,34.11,21.94,Unit0_dataLog00062.TXT
37.6652549,-121.6897297,224.08,34.22,21.93,Unit0_dataLog00062.TXT
37.6652547,-121.68957429999999,224.187,34.02,22.15,Unit0_dataLog00062.TXT
37.6652546,-121.6894272,224.342,33.99,22.19,Unit0_dataLog00062.TXT
37.665254499999996,-121.6892881,224.679,33.98,22.02,Unit0_dataLog00062.TXT
37.665254399999995,-121.6891598,224.578,33.92,22.18,Unit0_dataLog00062.TXT
37.665254499999996,-121.6890389,224.642,33.98,22.0,Unit0_dataLog00062.TXT
37.6652543,-121.68891529999999,224.761,33.91,22.3,Unit0_dataLog00062.TXT
37.665253799999995,-121.6887806,224.942,33.95,22.83,Unit0_dataLog00062.TXT
37.6652534,-121.68863239999999,225.138,33.79,22.78,Unit0_dataLog00062.TXT
37.6652521,-121.6884705,225.33,33.75,22.89,Unit0_dataLog00062.TXT
37.6652504,-121.68829749999999,225.543,33.71,23.14,Unit0_dataLog00062.TXT
37.6652489,-121.68811679999999,225.86100000000002,33.63,23.01,Unit0_dataLog00062.TXT
37.6652483,-121.6879319,226.252,33.6,22.93,Unit0_dataLog00062.TXT
37.6652483,-121.6877471,226.504,33.51,23.05,Unit0_dataLog00062.TXT
37.6652486,-121.68756309999999,226.758,33.49,23.08,Unit0_dataLog00062.TXT
37.6652497,-121.6873794,227.013,33.5,23.21,Unit0_dataLog00062.TXT
37.6652513,-121.68719619999999,227.30700000000002,33.43,23.35,Unit0_dataLog00062.TXT
37.6652528,-121.6870143,227.592,33.51,23.39,Unit0_dataLog00062.TXT
37.665253899999996,-121.68683449999999,227.936,33.61,23.72,Unit0_dataLog00062.TXT
37.6652549,-121.6866584,227.936,33.5,23.8,Unit0_dataLog00062.TXT
37.6652503,-121.68632079999999,228.416,33.59,24.11,Unit0_dataLog00062.TXT
37.6652316,-121.6861575,228.43200000000002,33.45,23.89,Unit0_dataLog00062.TXT
37.665194899999996,-121.68600289999999,228.696,33.42,23.74,Unit0_dataLog00062.TXT
37.6651387,-121.68585689999999,229.01,33.32,23.96,Unit0_dataLog00062.TXT
37.665064199999996,-121.6857235,229.553,33.28,23.81,Unit0_dataLog00062.TXT
37.664972899999995,-121.6855971,229.683,33.15,23.95,Unit0_dataLog00062.TXT
37.6647666,-121.68535259999999,230.17600000000002,33.16,24.28,Unit0_dataLog00062.TXT
37.664663399999995,-121.68523309999999,230.53,33.14,24.39,Unit0_dataLog00062.TXT
37.6645671,-121.68511249999999,230.596,33.16,24.67,Unit0_dataLog00062.TXT
37.664481599999995,-121.68498729999999,230.692,33.05,24.8,Unit0_dataLog00062.TXT
37.664410499999995,-121.6848515,230.76500000000001,32.92,25.33,Unit0_dataLog00062.TXT
37.6643536,-121.68470409999999,230.824,32.94,25.41,Unit0_dataLog00062.TXT
37.6643081,-121.6845479,230.912,32.91,25.43,Unit0_dataLog00062.TXT
37.6642712,-121.6843856,231.35500000000002,32.88,25.94,Unit0_dataLog00062.TXT
37.6642363,-121.68421959999999,231.773,32.82,26.01,Unit0_dataLog00062.TXT
37.6642011,-121.684052,232.086,32.81,25.82,Unit0_dataLog00062.TXT
37.6641675,-121.68388589999999,232.273,32.87,25.57,Unit0_dataLog00062.TXT
37.6641346,-121.6837219,232.481,32.92,25.67,Unit0_dataLog00062.TXT
37.6641038,-121.6835583,232.03300000000002,32.76,25.33,Unit0_dataLog00062.TXT
37.664074299999996,-121.6834025,231.93200000000002,32.89,25.43,Unit0_dataLog00062.TXT
37.6640459,-121.6832589,231.98000000000002,32.81,25.51,Unit0_dataLog00062.TXT
37.664019499999995,-121.683126,231.90800000000002,32.86,25.85,Unit0_dataLog00062.TXT
37.663996,-121.6830045,232.12300000000002,32.72,25.8,Unit0_dataLog00062.TXT
37.6639732,-121.6828881,232.32,32.84,25.58,Unit0_dataLog00062.TXT
37.6639492,-121.6827677,232.523,32.81,25.32,Unit0_dataLog00062.TXT
37.6639232,-121.6826365,232.689,32.89,25.12,Unit0_dataLog00062.TXT
37.6638945,-121.68249209999999,232.704,32.96,24.79,Unit0_dataLog00062.TXT
37.663864499999995,-121.68233629999999,232.91,33.01,24.61,Unit0_dataLog00062.TXT
37.663864499999995,-121.68200689999999,233.149,33.12,24.08,Unit0_dataLog00062.TXT
37.6638017,-121.6818421,233.43,33.14,23.93,Unit0_dataLog00062.TXT
37.6637693,-121.6816801,233.564,33.26,23.83,Unit0_dataLog00062.TXT
37.6637367,-121.6815223,233.762,33.26,23.58,Unit0_dataLog00062.TXT
37.6637061,-121.6813701,233.851,33.3,23.39,Unit0_dataLog00062.TXT
37.6636759,-121.6812238,234.13,33.4,23.08,Unit0_dataLog00062.TXT
37.663647399999995,-121.681083,234.36,33.27,23.07,Unit0_dataLog00062.TXT
37.6636208,-121.6809492,234.785,33.38,22.95,Unit0_dataLog00062.TXT
37.6635961,-121.6808228,235.153,33.41,22.88,Unit0_dataLog00062.TXT
37.6635712,-121.68070349999999,235.33,33.34,22.97,Unit0_dataLog00062.TXT
37.6635472,-121.6805928,235.562,33.34,22.88,Unit0_dataLog00062.TXT
37.663524699999996,-121.68048639999999,235.729,33.33,22.76,Unit0_dataLog00062.TXT
37.663503299999995,-121.6803774,235.824,33.37,22.81,Unit0_dataLog00062.TXT
37.663481399999995,-121.68025999999999,235.921,33.35,22.98,Unit0_dataLog00062.TXT
37.6634575,-121.6801308,236.008,33.36,22.8,Unit0_dataLog00062.TXT
37.6634312,-121.6799887,236.177,33.49,22.93,Unit0_dataLog00062.TXT
37.6634029,-121.67983489999999,236.315,33.43,22.61,Unit0_dataLog00062.TXT
37.663371399999996,-121.6796746,236.535,33.46,22.89,Unit0_dataLog00062.TXT
37.6633389,-121.6795125,236.792,33.44,22.83,Unit0_dataLog00062.TXT
37.663306999999996,-121.67935179999999,236.922,33.45,22.77,Unit0_dataLog00062.TXT
37.6632751,-121.67919099999999,237.08700000000002,33.46,23.07,Unit0_dataLog00062.TXT
37.6632427,-121.6790291,237.24,33.53,22.84,Unit0_dataLog00062.TXT
37.663209699999996,-121.67886589999999,237.429,33.56,23.04,Unit0_dataLog00062.TXT
37.6631766,-121.6787009,237.636,33.5,22.69,Unit0_dataLog00062.TXT
37.663143999999996,-121.678536,237.739,33.47,22.81,Unit0_dataLog00062.TXT
37.663112399999996,-121.6783705,237.893,33.41,22.67,Unit0_dataLog00062.TXT
37.663083,-121.67820429999999,238.18800000000002,33.52,22.6,Unit0_dataLog00062.TXT
37.663055199999995,-121.6780359,238.278,33.52,22.61,Unit0_dataLog00062.TXT
37.663031499999995,-121.6778653,238.46200000000002,33.52,22.59,Unit0_dataLog00062.TXT
37.663011999999995,-121.67769299999999,238.61,33.63,22.6,Unit0_dataLog00062.TXT
37.6629983,-121.6775205,239.008,33.64,22.62,Unit0_dataLog00062.TXT
37.6629915,-121.67734709999999,239.304,33.67,22.73,Unit0_dataLog00062.TXT
37.6629922,-121.67717499999999,239.827,33.56,22.55,Unit0_dataLog00062.TXT
37.663001,-121.6770019,240.17000000000002,33.71,22.47,Unit0_dataLog00062.TXT
37.6630155,-121.6768283,240.399,33.72,22.32,Unit0_dataLog00062.TXT
37.663034599999996,-121.67665339999999,240.452,33.91,22.23,Unit0_dataLog00062.TXT
37.663056999999995,-121.6764772,240.40800000000002,34.04,22.32,Unit0_dataLog00062.TXT
37.663080699999995,-121.6762993,240.404,33.76,22.06,Unit0_dataLog00062.TXT
37.663105,-121.6761205,240.419,33.89,22.15,Unit0_dataLog00062.TXT
37.6631272,-121.6759412,240.496,33.89,22.13,Unit0_dataLog00062.TXT
37.6631432,-121.67576249999999,240.538,33.83,22.03,Unit0_dataLog00062.TXT
37.663153699999995,-121.675585,240.70600000000002,33.79,22.12,Unit0_dataLog00062.TXT
37.663159799999995,-121.6754083,241.01500000000001,33.73,22.19,Unit0_dataLog00062.TXT
37.6631596,-121.6752317,241.109,33.68,22.07,Unit0_dataLog00062.TXT
37.663150699999996,-121.67505589999999,241.11,33.54,22.23,Unit0_dataLog00062.TXT
37.6631334,-121.6748815,241.102,33.61,22.19,Unit0_dataLog00062.TXT
37.6631066,-121.6747097,241.249,33.56,22.37,Unit0_dataLog00062.TXT
37.6630719,-121.6745395,241.25900000000001,33.53,22.25,Unit0_dataLog00062.TXT
37.6630308,-121.6743724,241.431,33.53,22.17,Unit0_dataLog00062.TXT
37.6629848,-121.6742093,241.592,33.49,22.49,Unit0_dataLog00062.TXT
37.6629341,-121.6740507,241.822,33.42,22.6,Unit0_dataLog00062.TXT
37.6628756,-121.6738973,242.094,33.46,22.73,Unit0_dataLog00062.TXT
37.6628089,-121.6737502,242.518,33.47,22.94,Unit0_dataLog00062.TXT
37.662735399999995,-121.6736091,242.70000000000002,33.29,23.08,Unit0_dataLog00062.TXT
37.6626566,-121.6734711,242.96,33.34,23.23,Unit0_dataLog00062.TXT
37.6625745,-121.6733369,243.469,33.24,23.21,Unit0_dataLog00062.TXT
37.662487999999996,-121.6732072,243.734,33.32,23.11,Unit0_dataLog00062.TXT
37.6623964,-121.67308539999999,244.106,33.32,23.14,Unit0_dataLog00062.TXT
37.662299499999996,-121.67297119999999,244.215,33.14,23.25,Unit0_dataLog00062.TXT
37.662198499999995,-121.67286019999999,244.431,33.12,23.17,Unit0_dataLog00062.TXT
37.662095199999996,-121.67275169999999,244.66,33.22,23.47,Unit0_dataLog00062.TXT
37.6619898,-121.67264429999999,244.845,33.12,23.53,Unit0_dataLog00062.TXT
37.6618852,-121.67253819999999,245.12,33.04,23.66,Unit0_dataLog00062.TXT
37.6617831,-121.6724345,245.29,33.21,23.85,Unit0_dataLog00062.TXT
37.6616831,-121.67233309999999,245.678,33.27,23.76,Unit0_dataLog00062.TXT
37.661585599999995,-121.67223539999999,245.835,33.28,23.67,Unit0_dataLog00062.TXT
37.6614894,-121.67214639999999,246.144,33.2,23.49,Unit0_dataLog00062.TXT
37.6614006,-121.67207069999999,246.32,33.15,23.64,Unit0_dataLog00062.TXT
37.6613253,-121.67200829999999,246.541,33.19,23.77,Unit0_dataLog00062.TXT
37.6612632,-121.67195339999999,246.78900000000002,33.14,24.14,Unit0_dataLog00062.TXT
37.661208599999995,-121.6719004,246.96,33.17,24.37,Unit0_dataLog00062.TXT
37.6611561,-121.6718468,247.26500000000001,33.03,24.6,Unit0_dataLog00062.TXT
37.6611026,-121.67179069999999,247.502,32.99,24.82,Unit0_dataLog00062.TXT
37.661046999999996,-121.6717317,247.79,32.96,24.82,Unit0_dataLog00062.TXT
37.660988499999995,-121.6716683,248.127,32.9,24.82,Unit0_dataLog00062.TXT
37.660925299999995,-121.67160009999999,248.522,32.89,24.7,Unit0_dataLog00062.TXT
37.6608575,-121.67152779999999,248.95000000000002,32.82,24.58,Unit0_dataLog00062.TXT
37.6607853,-121.6714514,249.353,32.93,24.44,Unit0_dataLog00062.TXT
37.6607092,-121.6713726,249.799,32.86,24.25,Unit0_dataLog00062.TXT
37.660631099999996,-121.6712926,250.191,32.83,24.05,Unit0_dataLog00062.TXT
37.6605524,-121.67121089999999,250.798,32.83,23.75,Unit0_dataLog00062.TXT
37.660474199999996,-121.671129,251.25,32.86,23.91,Unit0_dataLog00062.TXT
37.6603942,-121.6710481,251.69,32.87,23.94,Unit0_dataLog00062.TXT
37.660315,-121.6709698,251.984,32.96,23.99,Unit0_dataLog00062.TXT
37.6602393,-121.67089589999999,252.322,32.9,23.67,Unit0_dataLog00062.TXT
37.6601676,-121.67082649999999,252.648,32.98,23.74,Unit0_dataLog00062.TXT
37.6600992,-121.6707553,252.995,33.01,23.84,Unit0_dataLog00062.TXT
37.6600296,-121.67067739999999,253.281,32.94,23.82,Unit0_dataLog00062.TXT
37.6599529,-121.67058809999999,253.53,33.01,23.68,Unit0_dataLog00062.TXT
37.6598644,-121.67048729999999,253.809,32.93,23.69,Unit0_dataLog00062.TXT
37.6597633,-121.6703763,254.049,32.92,23.6,Unit0_dataLog00062.TXT
37.6596519,-121.6702598,254.329,32.83,23.38,Unit0_dataLog00062.TXT
37.6595339,-121.670023,254.745,32.95,23.34,Unit0_dataLog00062.TXT
37.6592973,-121.6699065,254.786,33.08,23.34,Unit0_dataLog00062.TXT
37.659177799999995,-121.6697938,254.991,33.12,23.25,Unit0_dataLog00062.TXT
37.6590555,-121.66968849999999,255.274,33.12,23.24,Unit0_dataLog00062.TXT
37.6589295,-121.669591,255.62,33.14,23.3,Unit0_dataLog00062.TXT
37.6587996,-121.6694993,255.89600000000002,33.06,23.09,Unit0_dataLog00062.TXT
37.6586654,-121.6694156,256.115,33.08,23.24,Unit0_dataLog00062.TXT
37.6585262,-121.6693409,256.3,33.16,23.4,Unit0_dataLog00062.TXT
37.6583816,-121.66927749999999,256.503,33.14,23.34,Unit0_dataLog00062.TXT
37.6582313,-121.6692257,256.91,33.14,23.1,Unit0_dataLog00062.TXT
37.6580769,-121.66918369999999,257.095,32.95,23.16,Unit0_dataLog00062.TXT
37.6579191,-121.6691472,257.197,33.02,23.15,Unit0_dataLog00062.TXT
37.657758699999995,-121.6691161,257.395,33.05,23.22,Unit0_dataLog00062.TXT
37.6575965,-121.6690885,257.561,32.98,23.42,Unit0_dataLog00062.TXT
37.6574343,-121.6690606,257.794,32.86,23.35,Unit0_dataLog00062.TXT
37.6572745,-121.6690318,258.073,32.93,23.44,Unit0_dataLog00062.TXT
37.657117299999996,-121.66900609999999,258.284,33.0,23.51,Unit0_dataLog00062.TXT
37.6569597,-121.66898099999999,258.482,32.95,23.51,Unit0_dataLog00062.TXT
37.656804199999996,-121.66895749999999,259.055,32.95,23.67,Unit0_dataLog00062.TXT
37.6566531,-121.6689325,259.241,33.02,23.82,Unit0_dataLog00062.TXT
37.6565094,-121.66891109999999,259.568,32.97,23.56,Unit0_dataLog00062.TXT
37.6563753,-121.66889169999999,259.669,33.01,23.51,Unit0_dataLog00062.TXT
37.6562492,-121.6688726,259.721,32.93,23.41,Unit0_dataLog00062.TXT
37.6561312,-121.66885479999999,259.76,32.99,23.71,Unit0_dataLog00062.TXT
37.6560215,-121.6688387,259.936,33.08,23.72,Unit0_dataLog00062.TXT
37.6559212,-121.6688243,260.085,33.03,23.72,Unit0_dataLog00062.TXT
37.6558267,-121.6688099,260.275,32.93,23.71,Unit0_dataLog00062.TXT
37.6557373,-121.66879499999999,260.418,33.0,23.84,Unit0_dataLog00062.TXT
37.6556445,-121.66877679999999,260.55,32.82,23.79,Unit0_dataLog00062.TXT
37.6555361,-121.6687553,260.798,32.92,23.77,Unit0_dataLog00062.TXT
37.6554056,-121.66873009999999,260.991,32.92,23.61,Unit0_dataLog00062.TXT
37.6552548,-121.6687032,261.331,33.04,23.69,Unit0_dataLog00062.TXT
37.6550936,-121.66867579999999,261.817,32.81,23.76,Unit0_dataLog00062.TXT
37.6549299,-121.66864779999999,262.244,32.89,23.72,Unit0_dataLog00062.TXT
37.654768,-121.66862189999999,262.689,32.81,23.62,Unit0_dataLog00062.TXT
37.6546088,-121.6685964,263.117,32.83,23.54,Unit0_dataLog00062.TXT
37.6544539,-121.66857159999999,263.616,32.75,23.79,Unit0_dataLog00062.TXT
37.6543018,-121.66854509999999,263.98900000000003,32.87,24.04,Unit0_dataLog00062.TXT
37.6541516,-121.6685186,264.317,33.0,23.82,Unit0_dataLog00062.TXT
37.6540021,-121.6684911,264.793,32.91,23.94,Unit0_dataLog00062.TXT
37.6538529,-121.66845939999999,265.267,32.89,23.83,Unit0_dataLog00062.TXT
37.6537055,-121.66842109999999,265.894,32.93,23.83,Unit0_dataLog00062.TXT
37.6535614,-121.6683743,266.497,32.88,23.88,Unit0_dataLog00062.TXT
37.6534234,-121.6683126,267.052,32.72,23.66,Unit0_dataLog00062.TXT
37.6532945,-121.6682424,267.601,32.72,23.79,Unit0_dataLog00062.TXT
37.653169399999996,-121.66816259999999,268.046,32.75,23.73,Unit0_dataLog00062.TXT
37.6530414,-121.6680652,268.595,32.62,23.82,Unit0_dataLog00062.TXT
37.6529175,-121.6680652,269.488,32.69,23.84,Unit0_dataLog00062.TXT
37.6526892,-121.66782389999999,270.095,32.75,23.8,Unit0_dataLog00062.TXT
37.6525852,-121.6676875,270.314,32.62,23.85,Unit0_dataLog00062.TXT
37.6524881,-121.6675381,270.644,32.79,23.93,Unit0_dataLog00062.TXT
37.6524035,-121.667383,270.979,32.74,23.83,Unit0_dataLog00062.TXT
37.6523229,-121.6672253,271.25600000000003,32.8,23.76,Unit0_dataLog00062.TXT
37.6522454,-121.6670668,271.488,32.78,23.38,Unit0_dataLog00062.TXT
37.6521688,-121.66691019999999,271.73900000000003,32.72,23.43,Unit0_dataLog00062.TXT
37.6520951,-121.6667573,271.902,32.74,23.39,Unit0_dataLog00062.TXT
37.6520249,-121.66661309999999,271.902,32.91,23.55,Unit0_dataLog00062.TXT
37.6519021,-121.66635579999999,272.38,32.83,23.56,Unit0_dataLog00062.TXT
37.6518508,-121.6662485,272.51800000000003,32.89,23.47,Unit0_dataLog00062.TXT
37.6518061,-121.66615689999999,272.654,32.81,23.46,Unit0_dataLog00062.TXT
37.651764199999995,-121.66606859999999,272.75,32.83,23.4,Unit0_dataLog00062.TXT
37.651716199999996,-121.66596729999999,273.004,32.74,23.26,Unit0_dataLog00062.TXT
37.651657,-121.66584379999999,273.287,32.86,23.51,Unit0_dataLog00062.TXT
37.6515859,-121.6656957,273.54,32.81,23.45,Unit0_dataLog00062.TXT
37.6515044,-121.66552709999999,274.122,32.95,23.4,Unit0_dataLog00062.TXT
37.6514174,-121.6653463,274.738,32.92,23.43,Unit0_dataLog00062.TXT
37.6513303,-121.6651639,275.32800000000003,32.92,23.24,Unit0_dataLog00062.TXT
37.651243799999996,-121.6649851,276.247,33.12,23.35,Unit0_dataLog00062.TXT
37.651157399999995,-121.66480999999999,277.073,33.05,23.04,Unit0_dataLog00062.TXT
37.651074099999995,-121.6646368,277.911,32.94,22.98,Unit0_dataLog00062.TXT
37.6509916,-121.66446459999999,278.38800000000003,33.05,23.18,Unit0_dataLog00062.TXT
37.650909899999995,-121.6642943,278.906,33.02,23.11,Unit0_dataLog00062.TXT
37.6508314,-121.6641274,279.269,32.99,22.96,Unit0_dataLog00062.TXT
37.6507584,-121.66396479999999,279.597,33.05,23.12,Unit0_dataLog00062.TXT
37.6506922,-121.6638055,279.819,32.89,22.85,Unit0_dataLog00062.TXT
37.6506354,-121.66364469999999,280.064,32.94,23.0,Unit0_dataLog00062.TXT
37.650589599999996,-121.6634797,280.298,32.95,23.08,Unit0_dataLog00062.TXT
37.6505551,-121.66331129999999,280.584,32.91,22.98,Unit0_dataLog00062.TXT
37.6505331,-121.66313989999999,280.598,32.99,23.02,Unit0_dataLog00062.TXT
37.650514199999996,-121.66279759999999,281.194,33.08,22.89,Unit0_dataLog00062.TXT
37.650507999999995,-121.6626268,281.404,33.09,23.02,Unit0_dataLog00062.TXT
37.6505009,-121.6624564,281.504,33.06,22.9,Unit0_dataLog00062.TXT
37.6504954,-121.6622874,281.747,33.06,22.85,Unit0_dataLog00062.TXT
37.650491099999996,-121.66212159999999,281.943,33.02,22.87,Unit0_dataLog00062.TXT
37.650489,-121.6619612,282.685,33.03,22.98,Unit0_dataLog00062.TXT
37.6504866,-121.6618039,283.266,33.0,22.96,Unit0_dataLog00062.TXT
37.6504846,-121.6616526,283.955,33.02,23.17,Unit0_dataLog00062.TXT
37.650481899999996,-121.66150999999999,284.575,33.02,23.08,Unit0_dataLog00062.TXT
37.6504787,-121.66137699999999,285.134,33.06,22.97,Unit0_dataLog00062.TXT
37.6504774,-121.661255,285.657,32.98,22.88,Unit0_dataLog00062.TXT
37.650478199999995,-121.6611444,286.117,33.0,22.94,Unit0_dataLog00062.TXT
37.6504787,-121.661045,286.527,32.96,22.94,Unit0_dataLog00062.TXT
37.650479,-121.66095849999999,286.784,33.08,23.05,Unit0_dataLog00062.TXT
37.650480099999996,-121.66088579999999,286.988,33.0,22.69,Unit0_dataLog00062.TXT
37.6504896,-121.66082929999999,287.222,33.18,22.97,Unit0_dataLog00062.TXT
37.6505065,-121.6607878,287.255,33.08,22.85,Unit0_dataLog00062.TXT
37.650529299999995,-121.66075839999999,287.424,33.05,22.79,Unit0_dataLog00062.TXT
37.6505546,-121.660736,287.261,33.08,22.8,Unit0_dataLog00062.TXT
37.6505855,-121.66072229999999,287.294,33.06,22.91,Unit0_dataLog00062.TXT
37.6506202,-121.66071489999999,286.978,33.05,22.85,Unit0_dataLog00062.TXT
37.6506566,-121.6607114,286.694,33.17,22.89,Unit0_dataLog00062.TXT
37.6506968,-121.6607104,286.561,33.17,22.86,Unit0_dataLog00062.TXT
37.6507364,-121.6607083,286.009,33.25,22.8,Unit0_dataLog00062.TXT
37.6507753,-121.6607081,285.725,33.18,22.83,Unit0_dataLog00062.TXT
37.6508142,-121.66070789999999,285.726,33.25,22.89,Unit0_dataLog00062.TXT
37.6508527,-121.6607068,285.41,33.21,22.84,Unit0_dataLog00062.TXT
37.6508902,-121.6607064,285.261,33.14,22.88,Unit0_dataLog00062.TXT
37.6508902,-121.6607066,285.06,33.17,22.9,Unit0_dataLog00062.TXT
37.6509652,-121.66070649999999,284.823,33.13,22.89,Unit0_dataLog00062.TXT
37.6510034,-121.66070669999999,284.70300000000003,33.13,22.83,Unit0_dataLog00062.TXT
37.6510426,-121.66070619999999,284.683,33.12,22.89,Unit0_dataLog00062.TXT
37.6510819,-121.6607054,284.613,33.15,23.1,Unit0_dataLog00062.TXT
37.651121599999996,-121.6607051,284.51,33.1,22.98,Unit0_dataLog00062.TXT
37.6511622,-121.6607039,284.471,33.05,23.0,Unit0_dataLog00062.TXT
37.6512039,-121.66070339999999,283.964,33.13,23.06,Unit0_dataLog00062.TXT
37.6512464,-121.66070219999999,283.487,33.1,22.98,Unit0_dataLog00062.TXT
37.651290599999996,-121.66070069999999,283.064,33.16,22.98,Unit0_dataLog00062.TXT
37.6513358,-121.6607008,283.159,33.1,22.92,Unit0_dataLog00062.TXT
37.6513814,-121.6607018,283.245,33.17,22.99,Unit0_dataLog00062.TXT
37.6514264,-121.66070239999999,282.988,33.18,22.86,Unit0_dataLog00062.TXT
37.651470499999995,-121.6607032,282.586,33.21,23.04,Unit0_dataLog00062.TXT
37.651514399999996,-121.6607032,282.37600000000003,33.12,22.8,Unit0_dataLog00062.TXT
37.6515574,-121.6607039,282.24,33.08,22.9,Unit0_dataLog00062.TXT
37.6516011,-121.660705,282.218,33.18,23.19,Unit0_dataLog00062.TXT
37.651644499999996,-121.66070649999999,282.285,33.06,22.86,Unit0_dataLog00062.TXT
37.651689499999996,-121.6607083,282.339,32.95,22.8,Unit0_dataLog00062.TXT
37.6517354,-121.6607095,282.411,33.03,23.01,Unit0_dataLog00062.TXT
37.6517811,-121.66070979999999,282.531,33.04,22.96,Unit0_dataLog00062.TXT
37.6518261,-121.66071009999999,282.731,33.0,22.89,Unit0_dataLog00062.TXT
37.651869999999995,-121.6607104,282.802,32.94,23.02,Unit0_dataLog00062.TXT
37.6519135,-121.66071029999999,282.992,32.99,22.84,Unit0_dataLog00062.TXT
37.6519572,-121.6607099,283.079,32.94,22.98,Unit0_dataLog00062.TXT
37.652000699999995,-121.66070959999999,282.998,32.95,22.9,Unit0_dataLog00062.TXT
37.6520438,-121.6607104,282.982,32.98,22.98,Unit0_dataLog00062.TXT
37.652087099999996,-121.6607107,283.072,33.04,23.02,Unit0_dataLog00062.TXT
37.6521306,-121.66070979999999,283.204,32.95,23.06,Unit0_dataLog00062.TXT
37.652175,-121.6607083,283.397,33.04,23.08,Unit0_dataLog00062.TXT
37.652219699999996,-121.66070619999999,283.53000000000003,32.99,22.98,Unit0_dataLog00062.TXT
37.652265299999996,-121.6607038,283.65000000000003,33.05,23.07,Unit0_dataLog00062.TXT
37.652310799999995,-121.6607009,283.886,33.02,22.97,Unit0_dataLog00062.TXT
37.6523561,-121.6606972,284.104,33.02,23.11,Unit0_dataLog00062.TXT
37.652401499999996,-121.6606939,284.295,32.98,23.02,Unit0_dataLog00062.TXT
37.6524475,-121.6606905,284.426,32.96,23.03,Unit0_dataLog00062.TXT
37.6524935,-121.6606886,284.34000000000003,33.0,22.99,Unit0_dataLog00062.TXT
37.652538799999995,-121.6606886,284.629,32.93,23.11,Unit0_dataLog00062.TXT
37.6526239,-121.6606898,284.713,32.93,23.05,Unit0_dataLog00062.TXT
37.652668,-121.6606917,284.623,32.98,23.24,Unit0_dataLog00062.TXT
37.652713999999996,-121.66069549999999,284.587,32.85,23.23,Unit0_dataLog00062.TXT
37.652761399999996,-121.6607004,284.42,32.78,23.23,Unit0_dataLog00062.TXT
37.652810699999996,-121.6607054,284.397,32.99,23.36,Unit0_dataLog00062.TXT
37.6528619,-121.66070959999999,284.168,32.81,22.96,Unit0_dataLog00062.TXT
37.6529133,-121.66071269999999,284.057,32.89,23.11,Unit0_dataLog00062.TXT
37.652965,-121.66071439999999,284.057,32.82,23.03,Unit0_dataLog00062.TXT
37.653065399999996,-121.6607159,283.869,32.89,23.3,Unit0_dataLog00062.TXT
37.6531143,-121.6607166,283.76800000000003,32.86,23.08,Unit0_dataLog00062.TXT
37.6531635,-121.6607176,283.597,32.83,23.19,Unit0_dataLog00062.TXT
37.653214,-121.6607183,283.445,32.84,23.23,Unit0_dataLog00062.TXT
37.6532668,-121.6607202,283.269,32.84,23.16,Unit0_dataLog00062.TXT
37.65332,-121.6607215,283.16,32.93,23.58,Unit0_dataLog00062.TXT
37.653373699999996,-121.6607203,283.216,32.87,23.67,Unit0_dataLog00062.TXT
37.653427,-121.66072059999999,283.374,32.81,23.6,Unit0_dataLog00062.TXT
37.6534787,-121.6607197,283.318,32.84,23.47,Unit0_dataLog00062.TXT
37.6535303,-121.66071919999999,283.446,32.85,23.42,Unit0_dataLog00062.TXT
37.653582,-121.6607195,283.296,32.81,23.49,Unit0_dataLog00062.TXT
37.6536325,-121.6607172,283.15000000000003,32.89,23.4,Unit0_dataLog00062.TXT
37.653683,-121.6607154,282.782,32.84,23.42,Unit0_dataLog00062.TXT
37.653734299999996,-121.660714,282.541,32.81,23.25,Unit0_dataLog00062.TXT
37.6538389,-121.66071389999999,282.349,32.73,23.54,Unit0_dataLog00062.TXT
37.653891099999996,-121.6607147,282.158,32.76,23.59,Unit0_dataLog00062.TXT
37.6539417,-121.66071559999999,281.98,32.82,23.51,Unit0_dataLog00062.TXT
37.653991,-121.6607167,281.786,32.62,23.48,Unit0_dataLog00062.TXT
37.654039499999996,-121.66071749999999,281.672,32.65,23.49,Unit0_dataLog00062.TXT
37.6540884,-121.6607183,281.584,32.61,23.5,Unit0_dataLog00062.TXT
37.6540884,-121.6607203,281.762,32.7,23.65,Unit0_dataLog00062.TXT
37.6541876,-121.6607209,281.971,32.66,23.65,Unit0_dataLog00062.TXT
37.6542385,-121.66072129999999,282.222,32.7,23.45,Unit0_dataLog00062.TXT
37.654290599999996,-121.66072159999999,282.358,32.71,23.54,Unit0_dataLog00062.TXT
37.6543437,-121.66072249999999,282.434,32.8,23.6,Unit0_dataLog00062.TXT
37.6543969,-121.6607236,282.553,32.75,23.7,Unit0_dataLog00062.TXT
37.6544489,-121.6607248,282.597,32.82,23.48,Unit0_dataLog00062.TXT
37.6544988,-121.6607263,282.63100000000003,32.75,23.43,Unit0_dataLog00062.TXT
37.654546599999996,-121.6607276,282.854,32.71,23.42,Unit0_dataLog00062.TXT
37.654593299999995,-121.6607291,282.92,32.68,23.45,Unit0_dataLog00062.TXT
37.6546407,-121.6607327,282.983,32.73,23.55,Unit0_dataLog00062.TXT
37.6546891,-121.6607341,283.038,32.73,23.43,Unit0_dataLog00062.TXT
37.654737499999996,-121.660736,283.119,32.68,23.57,Unit0_dataLog00062.TXT
37.654787299999995,-121.66073619999999,283.11400000000003,32.72,23.65,Unit0_dataLog00062.TXT
37.6548362,-121.66073589999999,283.048,32.59,23.37,Unit0_dataLog00062.TXT
37.6548826,-121.660736,283.04,32.71,23.43,Unit0_dataLog00062.TXT
37.6549261,-121.660736,283.162,32.73,23.64,Unit0_dataLog00062.TXT
37.655003,-121.6607373,283.29,32.61,23.34,Unit0_dataLog00062.TXT
37.6550382,-121.66073779999999,283.40000000000003,32.73,23.49,Unit0_dataLog00062.TXT
37.6550723,-121.6607384,283.596,32.64,23.45,Unit0_dataLog00062.TXT
37.655104,-121.6607379,283.796,32.71,23.63,Unit0_dataLog00062.TXT
37.6551325,-121.66073949999999,283.844,32.68,23.49,Unit0_dataLog00062.TXT
37.655158,-121.6607473,284.094,32.63,23.48,Unit0_dataLog00062.TXT
37.6552258,-121.66082949999999,284.015,32.89,23.4,Unit0_dataLog00062.TXT
37.6552404,-121.6608562,284.015,32.72,23.56,Unit0_dataLog00062.TXT
37.6552803,-121.6609235,283.675,32.67,23.27,Unit0_dataLog00062.TXT
37.655304799999996,-121.6609565,283.552,32.67,23.27,Unit0_dataLog00062.TXT
37.6553312,-121.66098729999999,283.426,32.71,23.35,Unit0_dataLog00062.TXT
37.6553573,-121.66101619999999,283.22700000000003,32.66,23.33,Unit0_dataLog00062.TXT
37.655381299999995,-121.6610451,283.07,32.65,23.47,Unit0_dataLog00062.TXT
37.6554007,-121.6610741,282.85200000000003,32.64,23.58,Unit0_dataLog00062.TXT
37.655415999999995,-121.66110669999999,282.85200000000003,32.64,23.4,Unit0_dataLog00062.TXT
